,电影名称,评分,类型,制片国家/地区,时间,票房（万）,国产
0,卧虎藏龙：青冥宝剑 Crouching Tiger,4.9,剧情 / 动作 / 武侠 / 古装,中国大陆/美国,2016,25609.0,1.0
1,屠魔战士 I,5.4,动作 / 科幻 / 奇幻 / 惊悚,美国/澳大利亚,2015,4693.0,0.0
2,三块广告牌 Three Billboards Outside Ebbing,8.7,剧情 / 犯罪,英国/美国,2018,6433.0,0.0
3,催眠大师,7.6,悬疑 / 惊悚,中国大陆,2014,27186,1.0
4,2012,8.0,科幻 / 灾难,美国/加拿大,2009,46600.0,0.0
5,变形金刚2 Transformers: Revenge of the Fallen,7.8,动作 / 科幻,美国,2009,42800.0,0.0
6,建国大业,7.7,动作 / 剧情 / 历史,中国香港/中国大陆,2009,29300.0,1.0
7,三枪拍案惊奇,4.7,喜剧 / 悬疑 / 古装,中国大陆/中国香港,2009,26100.0,1.0
8,赤壁(下),6.4,动作 / 历史 / 战争 / 古装,中国大陆/中国香港/日本/中国台湾/韩国,2009,25900.0,1.0
9,风声,8.4,犯罪 / 剧情 / 惊悚 / 战争,中国大陆,2009,21600.0,1.0
10,南京！南京！,7.6,剧情 / 历史 / 战争,中国大陆/中国香港,2009,17200.0,1.0
11,冰川时代3 Ice Age: Dawn of the Dinosaurs,8.3,喜剧 / 动画 / 冒险,美国,2009,15300.0,0.0
12,哈利·波特与混血王子 Harry Potter and the Half-Blood Prince,8.3,奇幻 / 冒险,英国/美国,2009,15600.0,0.0
13,特种部队：眼镜蛇的崛起 G.I. Joe: The Rise of Cobra,7.3,动作 / 科幻,美国,2009,13100.0,0.0
14,博物馆奇妙夜2 Night at the Museum: Battle of the Smithsonian,7.2,喜剧 / 动作 / 奇幻 / 冒险,美国/加拿大,2009,12100.0,0.0
15,游龙戏凤 遊龍戲鳳,6.0,爱情,中国香港,2009,10200.0,1.0
16,终结者2018 Terminator Salvation,6.7,动作 / 冒险 / 科幻 / 惊悚,美国/德国/英国/意大利,2009,11200.000000000002,0.0
17,疯狂的赛车,8.3,动作 / 冒险 / 喜剧,中国大陆,2009,10900.0,1.0
18,大内密探灵灵狗 大內密探靈靈狗,5.2,喜剧 / 动作 / 武侠 / 古装,中国香港/中国大陆/中国台湾,2009,9940.0,1.0
19,非常完美,5.9,喜剧 / 爱情,中国大陆/韩国,2009,9400.0,1.0
20,喜羊羊与灰太狼之牛气冲天,7.0,儿童 / 喜剧 / 动画,中国大陆,2009,7599.0,1.0
21,飞屋环游记 Up,9.1,剧情 / 喜剧 / 动画 / 冒险,美国,2009,9076.0,0.0
22,花木兰,6.2,冒险 / 剧情 / 爱情,中国大陆/中国香港,2009,8322.0,1.0
23,窃听风云 竊聽風雲,7.6,动作 / 剧情 / 惊悚,中国香港/中国大陆/新加坡,2009,8660.0,1.0
24,金刚狼 X-Men Origins: Wolverine,7.6,动作 / 科幻,美国/英国,2009,7889.0,0.0
25,麦兜响当当 麥兜響當當,7.6,动画 / 喜剧,中国大陆/中国香港,2009,7060.0,1.0
26,刺陵,3.9,动作 / 冒险,中国大陆/中国台湾/中国香港,2009,6775.0,1.0
27,七龙珠 Dragonball Evolution,3.7,动作 / 冒险 / 奇幻 / 科幻 / 惊悚,美国/中国香港/英国,2009,6215.0,1.0
28,风云Ⅱ 風雲Ⅱ,5.1,动作 / 冒险 / 奇幻,中国香港/中国大陆,2009,5953.0,1.0
29,星际迷航 Star Trek,8.1,动作 / 冒险 / 科幻,美国/德国,2009,5855.0,0.0
30,玩命快递3 Transporter 3,7.1,动作 / 犯罪,法国,2009,5845.0,0.0
31,行动目标希特勒 Valkyrie,7.2,剧情 / 历史 / 战争,美国/德国,2009,5650.0,0.0
32,贫民窟的百万富翁 Slumdog Millionaire,8.6,剧情 / 爱情,英国,2009,5370.0,0.0
33,机器侠,5.3,动作 / 喜剧 / 爱情 / 科幻,中国大陆,2009,5154.0,1.0
34,就是这样 This Is It,8.8,纪录片 / 音乐,美国,2009,4826.0,0.0
35,阿童木 Astro Boy,6.9,动画 / 动作 / 家庭 / 科幻,中国香港/美国/日本,2009,4545.0,1.0
36,气喘吁吁,4.0,喜剧 / 剧情,中国大陆,2009,4070.0,1.0
37,家有喜事2009,5.5,喜剧,中国香港,2009,4050.0,1.0
38,马达加斯加2：逃往非洲 Madagascar: Escape 2 Africa,7.8,动画 / 动作 / 冒险 / 喜剧 / 家庭,美国,2009,3400.0,0.0
39,大战外星人 Monsters vs. Aliens,6.9,动画 / 动作 / 冒险 / 喜剧 / 家庭 / 科幻,美国,2009,3220.0,0.0
40,"速度与激情4 Fast &amp, Furious",7.8,动作 / 犯罪,美国,2009,3015.0,0.0
41,地铁惊魂 The Taking of Pelham 123,6.7,剧情 / 动作 / 犯罪,美国/英国,2009,3015.0,0.0
42,豚鼠特攻队 G-Force,6.9,动作 / 动画 / 冒险,美国,2009,2655.0,0.0
43,东邪西毒 東邪西毒,8.6,剧情 / 动作 / 爱情 / 武侠 / 古装,中国香港/中国台湾,2009,2650.0,1.0
44,时空穿越者 Les deux mondes,6.1,喜剧 / 奇幻,法国,2009,2604.0,0.0
45,铁人,6.9,剧情,中国大陆,2009,2024.0,1.0
46,白银帝国,6.3,剧情 / 历史 / 古装,中国大陆/中国台湾/中国香港,2009,2230.0,1.0
47,"超级女特工 Les femmes de l&#39,ombre",7.1,剧情 / 历史 / 战争,法国,2009,2200.0,0.0
48,爱得起,5.7,喜剧 / 爱情,中国香港/中国大陆,2009,2150.0,1.0
49,倔强萝卜,5.4,喜剧 / 犯罪,中国大陆,2009,2135.0,1.0
50,海角七号 海角七號,7.6,喜剧 / 剧情 / 爱情,中国台湾,2009,2065.0,1.0
51,熊猫大侠,4.4,喜剧 / 动作 / 武侠 / 古装,中国大陆,2009,2000.0,1.0
52,海云台 ???,6.5,剧情 / 动作 / 灾难,韩国,2009,855.0,0.0
53,国家要案 State of Play,7.0,剧情 / 悬疑 / 惊悚,美国/英国/法国,2009,1585.0,0.0
54,澳洲乱世情 Australia,7.3,冒险 / 剧情 / 历史 / 爱情 / 战争,澳大利亚/美国,2009,1650.0,0.0
55,扑克王 撲克王,5.5,喜剧,中国香港,2009,1479.0,1.0
56,寻找成龙,4.0,儿童 / 喜剧 / 动作 / 家庭,中国大陆,2009,1435.0,1.0
57,高考1977,7.2,剧情,中国大陆,2009,1390.0,1.0
58,护宝娇娃 Скалолазка,4.3,动作 / 冒险,俄罗斯,2009,1380.0,0.0
59,午夜出租车,3.8,恐怖,中国大陆,2009,1290.0,1.0
60,第九区 District 9,8.3,动作 / 剧情 / 科幻 / 惊悚,美国/新西兰/加拿大/南非,2009,1270.0,0.0
61,特工008 Непобедимый,5.8,动作,俄罗斯,2009,1210.0,0.0
62,追影,4.4,动作 / 喜剧,中国/中国香港,2009,1220.0,1.0
63,夜·店,6.8,喜剧,中国大陆,2009,1190.0,1.0
64,斗牛,8.2,剧情 / 喜剧,中国大陆,2009,1110.0,1.0
65,沂蒙六姐妹,7.8,剧情 / 战争,中国大陆,2009,1010.0,1.0
66,狼灾记,4.4,剧情,中国大陆/日本/中国香港/美国/新加坡,2009,1020.0,1.0
67,伯纳德行动 Die F?lscher,7.9,犯罪 / 剧情 / 战争,德国/奥地利,2009,987.0,0.0
68,熊猫回家路,6.9,家庭,中国大陆,2009,960.0,1.0
69,麦田,5.0,动作 / 剧情 / 历史,中国大陆,2009,940.0,1.0
70,火星没事,4.9,喜剧 / 儿童,中国大陆,2009,935.0,1.0
71,拉贝日记 John Rabe,7.5,传记 / 剧情 / 历史 / 战争,法国/中国大陆/德国,2009,930.0,1.0
72,红河,7.2,剧情 / 爱情,中国大陆,2009,840.0,1.0
73,马兰花,5.1,剧情 / 动画,中国大陆,2009,795.0,1.0
74,恋爱前规则,5.1,剧情 / 喜剧 / 爱情,中国大陆,2009,730.0,1.0
75,仙境之桥 Bridge to Terabithia,7.9,剧情 / 奇幻 / 冒险,美国,2009,470.0,0.0
76,完美新娘,5.8,动作 / 犯罪 / 剧情,中国香港,2009,610.0,1.0
77,哆啦A梦：大雄与绿巨人传 映画ドラえもん のび太と緑の巨人伝,7.6,动画,日本,2009,590.0,0.0
78,惊天动地,6.9,剧情,中国大陆,2009,580.0,1.0
79,爱有来生,7.7,剧情 / 爱情,中国大陆,2009,484.0,1.0
80,秋喜,5.9,剧情 / 悬疑 / 惊悚,中国大陆,2009,455.0,1.0
81,真爱之吻 Penelope,6.7,喜剧 / 奇幻 / 爱情,英国/美国,2009,450.0,0.0
82,神兵小将,8.8,动画 / 奇幻,中国大陆,2009,400.0,1.0
83,隋朝来客,4.7,剧情 / 喜剧,中国大陆,2009,325.0,1.0
84,袁崇焕,7.2,历史,中国大陆,2009,315.0,1.0
85,战·无双 戰?無雙,3.9,动作 / 剧情,中国香港/中国大陆,2009,242.0,1.0
86,我的唐朝兄弟,6.7,动作,中国大陆,2009,211.0,1.0
87,麋鹿王,6.1,动画,中国大陆,2009,210.0,1.0
88,皇家刺青,4.7,剧情 / 悬疑 / 武侠 / 古装,中国,2009,65.0,1.0
89,七天爱上你,5.6,剧情 / 喜剧 / 爱情,中国,2009,153.0,1.0
90,夜玫瑰,6.6,喜剧 / 剧情 / 爱情,中国大陆,2009,120.0,1.0
91,末路雷霆 Dòng máu anh hùng,6.4,动作 / 剧情 / 爱情,越南,2009,130.0,0.0
92,精灵女孩小卓玛,6.8,动画 / 奇幻,中国,2009,117.0,1.0
93,我的机器人女友 僕の彼女はサイボーグ,7.5,喜剧 / 爱情 / 科幻,日本,2009,110.0,0.0
94,二十四城记,7.4,剧情,中国大陆/中国香港/日本,2009,110.0,1.0
95,跳出去,5.3,喜剧 / 剧情,中国香港/中国,2009,100.0,1.0
96,替身演员 La doublure,7.1,剧情 / 喜剧,法国/意大利/比利时,2009,88.0,0.0
97,袁隆平,9.0,剧情 / 传记,中国大陆,2009,56.0,1.0
98,喊过岭的故事,6.8,剧情,中国大陆/中国香港,2009,40.0,1.0
99,寻找微尘,6.3,剧情,中国大陆,2009,35.0,1.0
100,绑架冰激凌,4.9,喜剧,中国大陆,2010,255.0,1.0
101,前度,7.0,爱情,中国香港,2010,680.0,1.0
102,午夜心跳,3.3,恐怖,中国大陆,2010,3125.0,1.0
103,火线特攻 Righteous Kill,6.6,剧情 / 犯罪 / 悬疑,美国,2010,700.0,0.0
104,赵氏孤儿,6.0,剧情 / 动作 / 历史 / 武侠 / 古装,中国大陆,2010,19630.0,1.0
105,大笑江湖,4.8,动作 / 爱情 / 武侠 / 古装,中国大陆/中国台湾,2010,15895.0,1.0
106,大玩家,4.6,喜剧,中国大陆,2010,740.0,1.0
107,李小龙我的兄弟,6.3,剧情 / 传记 / 动作 / 爱情,中国大陆/中国香港,2010,1374.0,1.0
108,生化危机4：战神再生 Resident Evil: Afterlife,6.8,动作 / 科幻 / 恐怖,德国/法国/美国/加拿大,2010,14320.0,0.0
109,哈利·波特与死亡圣器(上) Harry Potter and the Deathly Hallows: Part 1,8.5,奇幻 / 冒险,英国/美国,2010,22110.0,0.0
110,爱情36计,5.0,喜剧 / 爱情,中国大陆,2010,480.0,1.0
111,爱出色,5.9,喜剧 / 爱情,中国大陆,2010,1300.0,1.0
112,"猫头鹰王国：守卫者传奇 Legend of the Guardians: The Owls of Ga&#39,Hoole",7.4,动作 / 动画 / 奇幻 / 冒险,美国/澳大利亚,2010,3080.0,0.0
113,危情时速 Unstoppable,7.8,动作 / 惊悚,美国,2010,6752.0,0.0
114,康定情歌,6.7,剧情 / 战争 / 冒险,中国大陆,2010,839.0,1.0
115,功夫·咏春,5.5,动作,中国大陆/中国香港,2010,590.0,1.0
116,我的野蛮女友2,3.8,喜剧 / 爱情,中国大陆,2010,1840.0,1.0
117,跟我的前妻谈恋爱,5.3,剧情 / 爱情,中国大陆/中国香港/韩国,2010,470.0,1.0
118,密室之不可告人,5.7,悬疑 / 惊悚,中国大陆,2010,2109.0,1.0
119,西风烈,6.1,剧情 / 动作 / 犯罪 / 西部,中国大陆,2010,6340.0,1.0
120,爱情维修站,5.6,剧情,中国大陆,2010,670.0,1.0
121,完美嫁衣 抱抱俏佳人,6.5,喜剧 / 爱情,中国香港/中国大陆,2010,1460.0,1.0
122,异空危情,4.0,爱情 / 惊悚 / 情色,中国大陆,2010,120.0,1.0
123,悍将双雄 Jerry Cotton,5.9,喜剧 / 犯罪,德国,2010,340.0,0.0
124,绝命岛,3.2,喜剧,中国大陆,2010,1420.0,1.0
125,魔侠传之唐吉可德,4.4,剧情 / 喜剧 / 动作 / 爱情 / 武侠 / 古装,中国大陆,2010,3552.0,1.0
126,华尔街：金钱永不眠 Wall Street: Money Never Sleeps,6.5,剧情 / 犯罪,美国,2010,4983.0,0.0
127,庐山恋2010,4.8,剧情 / 爱情,中国大陆,2010,427.0,1.0
128,剑雨,7.6,动作 / 爱情 / 武侠 / 古装,中国大陆/中国香港/中国台湾,2010,6600.0,1.0
129,狄仁杰之通天帝国,6.6,动作 / 悬疑 / 古装,中国大陆/中国香港,2010,29550.0,1.0
130,虎王归来 Tiger Returns,4.9,喜剧 / 动画 / 儿童,中国大陆,2010,557.0,1.0
131,精武风云·陈真 精武風雲·陳真,6.1,动作,中国香港/中国大陆,2010,13668.0,1.0
132,大劫难,6.4,剧情 / 战争,中国大陆,2010,166.0,1.0
133,让子弹飞,9.0,剧情 / 喜剧 / 动作 / 西部,中国大陆/中国香港,2010,66470.0,1.0
134,山楂树之恋,7.1,剧情 / 爱情,中国大陆,2010,14413.0,1.0
135,举起手来2：追击阿多丸号,5.4,喜剧,中国大陆,2010,828.0,1.0
136,"魔法师的学徒 The Sorcerer&#39,s Apprentice",6.2,动作 / 冒险 / 喜剧 / 剧情 / 奇幻,美国,2010,6122.0,0.0
137,盗梦空间 Inception,9.4,剧情 / 科幻 / 悬疑 / 冒险,美国/英国,2010,45714.0,0.0
138,最后的风之子 The Last Airbender,5.0,动作 / 冒险 / 家庭 / 奇幻,美国,2010,2991.0,0.0
139,线人 綫人,7.4,动作 / 剧情 / 惊悚,中国香港/中国大陆,2010,4952.0,1.0
140,龙凤店,5.1,喜剧 / 爱情 / 古装,中国香港/中国大陆,2010,2883.0,1.0
141,怪物史瑞克4 Shrek Forever After,7.6,喜剧 / 动作 / 动画 / 冒险,美国,2010,8875.0,0.0
142,敢死队 The Expendables,6.9,动作 / 冒险 / 惊悚,美国/保加利亚/西班牙/德国,2010,21306.0,0.0
143,翡翠明珠,5.2,剧情 / 爱情 / 古装,中国香港/中国大陆,2010,960.0,1.0
144,荒村公寓,3.9,惊悚,中国大陆/中国香港,2010,2360.0,1.0
145,恋爱通告,5.9,喜剧 / 爱情,中国台湾/中国大陆,2010,5455.0,1.0
146,"阿黛拉的非凡冒险 Les aventures extraordinaires d&#39,Adèle Blanc-Sec",6.9,喜剧 / 奇幻 / 冒险,法国/美国,2010,5250.0,0.0
147,全城戒备 全城戒備,4.6,动作 / 科幻 / 惊悚,中国香港/中国大陆,2010,8800.0,1.0
148,第一书记,7.5,传记,中国大陆,2010,1300.0,1.0
149,我的美女老板,4.8,剧情,中国大陆,2010,1090.0,1.0
150,深海探奇 OceanWorld 3D,6.8,纪录片,英国,2010,2070.0,0.0
151,七小罗汉,5.2,喜剧 / 动作,中国大陆,2010,2310.0,1.0
152,黑色闪电 Черная Молния,6.4,动作 / 科幻 / 惊悚,俄罗斯,2010,740.0,0.0
153,非诚勿扰2,6.6,喜剧 / 爱情,中国大陆,2010,47350.0,1.0
154,出水芙蓉,5.1,喜剧 / 运动,中国香港/中国大陆,2010,710.0,1.0
155,长江7号爱地球,6.3,动画,中国大陆/中国香港,2010,1620.0,1.0
156,嘻游记,3.3,喜剧,中国大陆,2010,2770.0,1.0
157,枪王之王,6.7,动作 / 悬疑 / 惊悚,中国香港/中国大陆,2010,12350.000000000002,1.0
158,"80&#39,后",7.0,剧情,中国大陆,2010,1200.0,1.0
159,决战刹马镇,6.1,喜剧 / 西部 / 冒险,中国大陆,2010,4740.0,1.0
160,功夫梦 The Karate Kid,6.4,动作 / 剧情 / 家庭 / 运动,美国/中国大陆,2010,4700.0,1.0
161,"香奈儿秘密情史 Coco Chanel &amp, Igor Stravinsky",6.7,剧情 / 爱情,法国,2010,175.0,0.0
162,活该你单身,5.0,喜剧 / 爱情,中国大陆,2010,440.0,1.0
163,摇摆de婚约,5.7,剧情 / 喜剧,中国大陆,2010,450.0,1.0
164,海洋天堂,8.0,剧情,中国大陆/中国香港,2010,1340.0,1.0
165,谍海风云 Shanghai,5.8,剧情 / 爱情 / 悬疑 / 惊悚,美国/中国大陆/泰国,2010,4600.0,1.0
166,玩具总动员3 Toy Story 3,8.9,喜剧 / 动画 / 奇幻 / 冒险,美国,2010,11090.0,0.0
167,精舞门2,4.7,剧情 / 动作 / 冒险,美国/英国,2010,4500.0,0.0
168,高度怀疑 Beyond a Reasonable Doubt,7.2,犯罪 / 剧情 / 悬疑 / 惊悚,美国,2010,457.0,0.0
169,"特工的特别任务 My Mom&#39,s New Boyfriend",5.9,动作 / 喜剧 / 爱情 / 惊悚,德国/美国,2010,800.0,0.0
170,人在囧途,7.8,喜剧,中国大陆,2010,3690.0,1.0
171,异度公寓,2.7,惊悚,中国大陆,2010,1910.0,1.0
172,超蛙战士之初露锋芒,4.3,科幻 / 动画 / 冒险,中国大陆,2010,730.0,1.0
173,波斯王子：时之刃 Prince of Persia: The Sands of Time,7.2,动作 / 奇幻 / 冒险,美国,2010,16100.000000000002,0.0
174,复兴之路,7.3,音乐 / 歌舞,中国大陆,2010,60.0,1.0
175,决战豪门 Largo Winch,6.1,冒险 / 惊悚,法国/比利时,2010,560.0,0.0
176,地牢围攻 In the Name of the King: A Dungeon Siege Tale,4.9,动作 / 冒险 / 剧情 / 奇幻,德国/加拿大/美国,2010,340.0,0.0
177,终极匹配,3.8,爱情,中国大陆,2010,250.0,1.0
178,夺命手机 Echelon Conspiracy,6.2,动作 / 犯罪 / 悬疑 / 惊悚,美国,2010,1500.0,0.0
179,三笑之才子佳人,3.9,喜剧 / 古装,中国大陆,2010,740.0,1.0
180,钢铁侠2 Iron Man 2,7.7,动作 / 冒险 / 科幻,美国,2010,17270.0,0.0
181,叶问2：宗师传奇 葉問2,7.4,动作 / 传记 / 历史,中国大陆/中国香港,2010,21955.0,1.0
182,孤堡惊情 El orfanato,7.4,剧情 / 悬疑 / 恐怖,西班牙/墨西哥,2010,1250.0,0.0
183,杜拉拉升职记,5.6,喜剧 / 剧情 / 爱情,中国大陆,2010,12453.0,1.0
184,月满轩尼诗 月滿軒尼詩,6.7,喜剧 / 爱情,中国香港,2010,1670.0,1.0
185,孤胆拯救 Direct Contact,4.0,动作 / 惊悚,美国/德国,2010,240.0,0.0
186,未来警察 未來警察,4.1,科幻,中国香港/中国台湾/中国大陆,2010,5790.0,1.0
187,"波西·杰克逊与神火之盗 Percy Jackson &amp, the Olympians: The Lightning Thief",6.1,冒险 / 奇幻,英国/加拿大/美国,2010,2910.0,0.0
188,不要回头 Ne te retourne pas,6.3,剧情 / 恐怖 / 悬疑 / 惊悚,法国/意大利/卢森堡/比利时,2010,700.0,0.0
189,东风雨,5.5,剧情,中国大陆,2010,2932.0,1.0
190,叶问前传,5.8,动作,中国香港/中国大陆,2010,1270.0,1.0
191,美丽密令,5.4,喜剧,中国香港/中国大陆,2010,3620.0,1.0
192,诸神之战 Clash of the Titans,6.2,动作 / 冒险 / 奇幻,美国,2010,16710.0,0.0
193,唐山大地震,7.8,剧情 / 历史 / 灾难,中国大陆/中国香港,2010,64775.0,1.0
194,驯龙高手 How to Train Your Dragon,8.8,动画 / 奇幻 / 冒险,美国,2010,8490.0,0.0
195,越光宝盒,5.3,喜剧 / 爱情 / 奇幻 / 古装,中国大陆/中国香港,2010,12880.0,1.0
196,岁月神偷 歲月神偷,8.7,剧情 / 家庭,中国香港/中国大陆,2010,1530.0,1.0
197,迷魂陷阱 Kandidaten,5.4,惊悚,丹麦,2010,560.0,0.0
198,矮仔多情,6.3,喜剧 / 爱情,中国香港,2010,177.0,1.0
199,铠甲勇士之帝皇侠,7.6,科幻,中国大陆,2010,340.0,1.0
200,全城热恋,6.2,喜剧 / 爱情,中国香港/美国/中国大陆,2010,12750.0,1.0
201,财神到 財神到,5.6,喜剧,中国大陆/中国香港,2010,22380.0,1.0
202,大兵小将,6.8,动作 / 冒险 / 喜剧,中国大陆/中国香港,2010,15380.0,1.0
203,虹猫蓝兔火凤凰,7.5,动画,中国大陆,2010,150.0,1.0
204,鼠来宝2：明星俱乐部 Alvin and the Chipmunks: The Squeakquel,7.2,动画 / 喜剧 / 家庭 / 奇幻 / 音乐,美国,2010,830.0,0.0
205,喜羊羊与灰太狼之虎虎生威,7.6,儿童 / 动画,中国大陆,2010,12470.000000000002,1.0
206,花田喜事2010 花田囍事2010,5.3,喜剧 / 爱情 / 古装,中国大陆/中国香港,2010,5800.0,1.0
207,72家租客,6.7,喜剧,中国香港,2010,3310.0,1.0
208,孔子,5.6,剧情 / 传记 / 历史 / 古装,中国大陆/中国香港,2010,9950.0,1.0
209,大侦探福尔摩斯 Sherlock Holmes,7.7,动作 / 犯罪 / 悬疑,美国/德国/英国/澳大利亚,2010,7380.0,0.0
210,邻家特工 The Spy Next Door,6.4,喜剧 / 动作 / 家庭,美国,2010,6410.0,0.0
211,名侦探柯南：漆黑的追踪者 名探偵コナン 漆黒の追跡者,7.6,动画 / 悬疑,日本,2010,815.0,0.0
212,阿凡达 Avatar,8.8,动作 / 科幻 / 冒险,美国,2010,135000.0,0.0
213,智取威虎山,4.2,历史 / 动画,中国大陆,2011,50.0,1.0
214,极速先锋,3.0,剧情 / 动作 / 爱情,中国大陆/日本,2011,45.0,1.0
215,新月魅影,2.7,悬疑 / 惊悚 / 恐怖,中国大陆,2011,120.0,1.0
216,双人床条约,5.2,喜剧 / 爱情,中国大陆,2011,160.0,1.0
217,2012来了,3.5,剧情 / 喜剧,中国大陆,2011,221.0,1.0
218,玩命狙击 ??????????????????,3.2,动作 / 犯罪,泰国,2011,750.0,0.0
219,极速天使,5.1,剧情 / 动作,中国大陆/中国香港,2011,2390.0,1.0
220,亲密敌人,5.6,剧情 / 爱情,中国大陆,2011,11039.000000000002,1.0
221,不怕贼惦记,4.5,剧情 / 喜剧 / 悬疑,中国大陆,2011,375.0,1.0
222,追爱,6.0,喜剧 / 爱情,中国大陆/中国台湾,2011,480.0,1.0
223,翻滚吧！阿信 翻滾吧！阿信,7.4,剧情 / 喜剧 / 运动,中国台湾,2011,600.0,1.0
224,三傻大闹宝莱坞 3 Idiots,9.2,剧情 / 喜剧 / 爱情 / 歌舞,印度,2011,1370.0,0.0
225,深海之战 7??,5.3,动作 / 科幻 / 悬疑 / 惊悚,韩国,2011,2175.0,0.0
226,龙门飞甲,6.9,剧情 / 动作 / 武侠 / 古装,中国大陆/中国香港,2011,54055.0,1.0
227,金陵十三钗,8.3,剧情 / 历史 / 战争,中国大陆/中国香港,2011,59230.0,1.0
228,午夜凶梦,3.5,悬疑 / 惊悚 / 恐怖,中国大陆,2011,870.0,1.0
229,精英部队2：大敌当前 Tropa de Elite 2 - O Inimigo Agora ? Outro,8.7,剧情 / 动作 / 犯罪 / 惊悚,巴西,2011,910.0,0.0
230,开心魔法,4.5,喜剧 / 奇幻,中国大陆/中国香港,2011,2035.0,1.0
231,驱魔者 Priest,6.1,动作 / 科幻 / 惊悚 / 恐怖,美国,2011,3800.0,0.0
232,东成西就2011,4.0,喜剧 / 动作 / 爱情 / 奇幻 / 音乐,中国大陆/中国香港,2011,8045.0,1.0
233,光棍终结者,4.4,喜剧 / 爱情,中国大陆,2011,142.0,1.0
234,左利军,3.6,动作 / 战争 / 武侠 / 古装,中国大陆/中国香港,2011,3855.0,1.0
235,铁甲钢拳 Real Steel,8.3,剧情 / 动作 / 科幻 / 运动,美国/印度,2011,14320.0,0.0
236,丁丁历险记 The Adventures of Tintin: The Secret of the Unicorn,7.7,动作 / 动画 / 悬疑 / 冒险,美国/新西兰/英国/法国/澳大利亚,2011,13225.0,0.0
237,失恋33天,7.2,剧情 / 爱情,中国大陆,2011,35165.0,1.0
238,夏日恋神马 戀夏戀夏戀戀下,4.0,剧情 / 喜剧 / 爱情,中国香港,2011,115.0,1.0
239,转山,7.9,剧情 / 冒险,中国大陆/中国台湾,2011,490.0,1.0
240,密室之不可靠岸,5.2,剧情 / 犯罪 / 悬疑 / 惊悚,中国大陆,2011,1560.0,1.0
241,不明身份 Unknown,7.1,剧情 / 悬疑 / 惊悚,美国/英国/德国/法国,2011,770.0,0.0
242,星空,7.2,剧情 / 爱情 / 奇幻,中国大陆/中国台湾,2011,1633.0,1.0
243,名侦探柯南：沉默的十五分钟 名探偵コナン 沈黙の15分,6.8,动画 / 悬疑,日本,2011,3060.0,0.0
244,猩球崛起 Rise of the Planet of the Apes,8.2,剧情 / 动作 / 科幻,美国,2011,20335.0,0.0
245,爱封了 I Phone You,5.3,喜剧 / 爱情,中国大陆/德国,2011,386.0,1.0
246,恋爱恐慌症,5.5,喜剧 / 爱情,中国大陆/中国台湾,2011,410.0,1.0
247,嘿店,3.3,喜剧 / 惊悚,中国大陆,2011,335.0,1.0
248,与时尚同居,5.6,喜剧 / 爱情,中国大陆,2011,680.0,1.0
249,一夜迷情 Last Night,7.2,剧情 / 爱情,美国/法国,2011,1055.0,0.0
250,床下有人,2.9,悬疑 / 惊悚,中国大陆,2011,1595.0,1.0
251,幸福额度,5.8,喜剧 / 爱情,中国大陆,2011,3335.0,1.0
252,永无止境 Limitless,7.5,科幻 / 悬疑 / 惊悚,美国,2011,5145.0,0.0
253,绿灯侠 Green Lantern,6.0,动作 / 科幻,美国,2011,7300.0,0.0
254,夏日乐悠悠,6.1,喜剧 / 爱情,中国大陆/中国香港,2011,375.0,1.0
255,李献计历险记,6.4,爱情 / 奇幻 / 冒险,中国大陆,2011,870.0,1.0
256,洛克王国之圣龙骑士,6.6,动画,中国大陆,2011,3340.0,1.0
257,白蛇传说,4.8,动作 / 爱情 / 奇幻 / 古装,中国大陆,2011,20339.999999999996,1.0
258,挪威的森林 ノルウェイの森,6.0,剧情 / 爱情,日本,2011,340.0,0.0
259,孤胆特工 ???,8.2,剧情 / 动作 / 犯罪 / 惊悚,韩国,2011,1030.0,0.0
260,紫宅,3.4,爱情 / 悬疑 / 惊悚,中国大陆/中国香港,2011,1230.0,1.0
261,五月天追梦 追夢3DNA,7.8,剧情 / 纪录片 / 音乐,中国大陆/中国台湾,2011,2802.0,1.0
262,辛亥革命,6.5,剧情 / 历史 / 战争,中国大陆/中国香港,2011,6228.0,1.0
263,狂暴飞车 Drive Angry 3D,5.9,动作 / 犯罪 / 奇幻 / 惊悚,美国,2011,6320.0,0.0
264,源代码 Source Code,8.5,科幻 / 悬疑 / 惊悚,美国/加拿大,2011,7190.0,0.0
265,大武生,5.2,剧情 / 动作 / 爱情,中国大陆,2011,4820.0,1.0
266,全球热恋,5.6,喜剧 / 爱情,中国大陆/中国香港,2011,6730.0,1.0
267,美国队长 Captain America: The First Avenger,7.1,动作 / 科幻 / 冒险,美国,2011,9575.0,0.0
268,海洋 Océans,9.1,纪录片,法国/瑞士/西班牙/美国/阿联酋/摩纳哥,2011,2550.0,0.0
269,巴黎宝贝,5.5,剧情 / 喜剧 / 爱情,中国大陆,2011,2155.0,1.0
270,无价之宝,3.7,喜剧,中国大陆/中国香港,2011,1825.0,1.0
271,女巫季节 Season of the Witch,5.5,动作 / 奇幻 / 冒险,美国,2011,3870.0,0.0
272,赛车总动员2 Cars 2,7.8,喜剧 / 动画 / 冒险,美国,2011,7820.0,0.0
273,无极限之危情速递,3.5,喜剧 / 动作 / 爱情 / 冒险,中国大陆,2011,330.0,1.0
274,蓝精灵 The Smurfs,7.2,喜剧 / 动画 / 奇幻,美国/比利时,2011,25775.0,0.0
275,水落石出,2.5,犯罪 / 惊悚 / 恐怖 / 情色,中国大陆,2011,225.0,1.0
276,哈利·波特与死亡圣器(下) Harry Potter and the Deathly Hallows: Part 2,9.0,奇幻 / 冒险,美国/英国,2011,41095.0,0.0
277,像小强一样活着,5.9,喜剧,中国大陆,2011,330.0,1.0
278,蛋炒饭,7.0,剧情 / 喜剧,中国大陆,2011,150.0,1.0
279,热浪球爱战 熱浪球愛戰,4.4,剧情 / 爱情 / 运动,中国香港,2011,155.0,1.0
280,秋之白华,6.8,剧情 / 传记 / 历史 / 爱情,中国大陆,2011,325.0,1.0
281,郭明义,5.2,剧情 / 传记,中国大陆,2011,440.0,1.0
282,杨善洲,7.8,剧情 / 传记,中国大陆,2011,8005.0,1.0
283,飞天,3.6,剧情,中国大陆,2011,5510.0,1.0
284,赛尔号大电影之寻找凤凰神兽,4.4,动画 / 奇幻 / 冒险,中国大陆,2011,4295.0,1.0
285,变形金刚3 Transformers: Dark of the Moon,7.2,动作 / 科幻,美国,2011,109300.0,0.0
286,报应 報應,5.8,犯罪 / 惊悚,中国香港,2011,600.0,1.0
287,钢的琴,8.5,剧情 / 喜剧,中国大陆,2011,270.0,1.0
288,一夜未了情,5.1,剧情 / 爱情,中国大陆,2011,645.0,1.0
289,战略特勤组 Unthinkable,7.9,剧情 / 悬疑 / 惊悚,美国,2011,2960.0,0.0
290,肩上蝶,4.9,剧情 / 爱情 / 动画 / 奇幻,中国大陆,2011,1150.0,1.0
291,武侠,6.7,剧情 / 动作 / 悬疑 / 武侠,中国香港/中国大陆,2011,17330.0,1.0
292,夺命心跳,5.1,悬疑 / 惊悚,中国大陆,2011,1495.0,1.0
293,雪花秘扇 Snow Flower and the Secret Fan,5.8,剧情 / 历史,中国大陆/美国,2011,3515.0,1.0
294,动物总动员 Konferenz der Tiere,6.6,喜剧 / 动画 / 家庭,德国,2011,6135.0,0.0
295,湘江北去,4.3,剧情 / 历史 / 战争,中国大陆,2011,15.0,1.0
296,敏感事件,5.1,惊悚,中国大陆,2011,220.0,1.0
297,超能游戏者 Геймеры. В поисках цели,5.5,动作 / 科幻 / 犯罪 / 冒险 / 恐怖,俄罗斯,2011,1335.0,0.0
298,岁岁清明,6.9,剧情,中国大陆,2011,155.0,1.0
299,西柏坡,3.2,动画,中国大陆,2011,55.0,1.0
300,B区32号,2.4,剧情 / 惊悚 / 恐怖,中国大陆,2011,1395.0,1.0
301,天际浩劫 Skyline,4.8,动作 / 科幻 / 灾难,美国,2011,5675.0,0.0
302,你是哪里人,4.9,剧情 / 喜剧,中国大陆,2011,60.0,1.0
303,加勒比海盗4：惊涛怪浪 Pirates of the Caribbean: On Stranger Tides,7.8,动作 / 奇幻 / 冒险,美国,2011,46335.0,0.0
304,蔡李佛拳,3.5,喜剧 / 动作,中国大陆/中国香港,2011,50.0,1.0
305,不再让你孤单,7.0,剧情 / 爱情,中国香港/中国大陆,2011,2260.0,1.0
306,宇宙英雄之超银河传说 大怪獣バトル ウルトラ銀河伝説 THE MOVIE,7.8,动作 / 冒险 / 家庭 / 奇幻 / 科幻,日本,2011,3115.0,0.0
307,最爱,7.4,剧情 / 爱情,中国大陆/中国香港,2011,5760.0,1.0
308,速度与激情5 Fast Five,8.5,动作 / 犯罪,美国,2011,25595.0,0.0
309,雷神 Thor,7.1,动作 / 奇幻 / 冒险,美国,2011,9815.0,0.0
310,跟踪孔令学,6.7,喜剧 / 悬疑,中国大陆,2011,277.0,1.0
311,倩女幽魂,8.8,爱情 / 奇幻 / 武侠 / 古装,中国香港,2011,280.0,1.0
312,恐龙宝贝,7.0,动画,中国大陆,2011,300.0,1.0
313,迷踪：第九鹰团 The Eagle,6.3,剧情 / 历史 / 战争,美国/英国,2011,840.0,0.0
314,危情三日 The Next Three Days,8.1,剧情 / 动作 / 爱情 / 犯罪 / 惊悚,美国/法国,2011,2315.0,0.0
315,B+侦探 B+偵探,5.9,剧情 / 犯罪 / 悬疑 / 惊悚,中国香港/中国大陆,2011,2285.0,1.0
316,关云长,5.0,传记 / 动作 / 历史 / 古装,中国大陆/中国香港,2011,15896.999999999998,1.0
317,倩女幽魂,5.5,剧情 / 奇幻 / 惊悚 / 古装,中国大陆/中国香港,2011,14155.0,1.0
318,美少女特攻队 Sucker Punch,6.3,动作 / 奇幻 / 冒险,美国/加拿大,2011,4755.0,0.0
319,战国,3.9,剧情 / 动作 / 爱情 / 战争 / 悬疑 / 古装,中国大陆,2011,7765.0,1.0
320,蔡李佛,3.7,剧情 / 动作,中国大陆/中国香港,2011,160.0,1.0
321,囧探佳人,4.6,喜剧 / 惊悚,中国大陆,2011,195.0,1.0
322,万有引力,6.3,剧情 / 喜剧 / 爱情 / 悬疑,中国大陆/中国香港,2011,430.0,1.0
323,隐婚男女,5.6,剧情 / 爱情,中国大陆/中国香港/日本,2011,1360.0,1.0
324,里约大冒险 Rio,8.3,喜剧 / 动画 / 冒险,美国,2011,13845.0,0.0
325,宅男总动员,3.6,喜剧 / 爱情,中国大陆,2011,467.0,1.0
326,夜惊魂,3.7,恐怖,中国大陆,2011,810.0,1.0
327,单身男女 單身男女,6.8,喜剧 / 爱情,中国香港,2011,9615.0,1.0
328,硬汉2：奉陪到底,6.4,动作 / 爱情,中国大陆,2011,2295.0,1.0
329,守望者：罪恶迷途,6.9,剧情 / 犯罪 / 悬疑 / 惊悚,中国大陆,2011,1765.0,1.0
330,惊沙,6.6,历史 / 战争,中国大陆,2011,80.0,1.0
331,洛杉矶之战 Battle: Los Angeles,6.1,动作 / 科幻,美国,2011,22413.0,0.0
332,歼十出击,4.6,剧情 / 动作,中国大陆,2011,265.0,1.0
333,大人物,3.7,喜剧,中国大陆,2011,985.0,1.0
334,寻龙夺宝 The Dragon Pearl,3.8,动作 / 奇幻 / 冒险 / 家庭,澳大利亚/中国大陆,2011,3155.0,1.0
335,致命请柬,2.5,剧情 / 悬疑 / 惊悚 / 恐怖 / 鬼怪,中国大陆,2011,990.0,1.0
336,艺术家 The Artist,8.4,剧情 / 喜剧 / 爱情,法国/比利时/美国,2012,154.0,0.0
337,地下室惊魂,3.4,剧情 / 悬疑 / 惊悚 / 恐怖,中国大陆,2012,695.0,1.0
338,秘密花园,5.2,喜剧 / 爱情 / 奇幻,中国大陆,2012,262.0,1.0
339,金箍棒传奇,5.5,喜剧 / 动画 / 冒险,中国大陆,2012,1026.0,1.0
340,大上海,6.7,剧情 / 动作,中国大陆/中国香港,2012,14561.0,1.0
341,血滴子,4.7,动作 / 武侠 / 古装,中国大陆/中国香港,2012,6985.0,1.0
342,十二生肖,6.8,喜剧 / 动作 / 冒险,中国大陆/中国香港,2012,86375.0,1.0
343,异度迷局,2.4,悬疑 / 惊悚,中国大陆,2012,150.0,1.0
344,目击者,5.8,剧情 / 动作 / 悬疑 / 惊悚,中国大陆,2012,775.0,1.0
345,我老公不靠谱 我老婆唔够秤II：我老公唔生性,6.5,喜剧 / 爱情,中国香港,2012,2360.0,1.0
346,人再囧途之泰囧,7.5,喜剧,中国大陆,2012,124353.0,1.0
347,恋爱三万英尺,3.4,喜剧 / 爱情,中国大陆,2012,290.0,1.0
348,无间罪：僵尸重生,2.7,惊悚 / 恐怖,中国大陆,2012,510.0,1.0
349,2012,8.0,科幻 / 灾难,美国/加拿大,2012,13440.0,0.0
350,王的盛宴,5.7,历史 / 古装,中国大陆,2012,7395.0,1.0
351,一九四二,8.1,剧情 / 历史 / 战争 / 灾难,中国大陆,2012,36060.0,1.0
352,少年派的奇幻漂流 Life of Pi,9.1,剧情 / 奇幻 / 冒险,美国/中国台湾/英国/加拿大,2012,56020.0,1.0
353,三个未婚妈妈,4.1,剧情,中国大陆,2012,390.0,1.0
354,普罗旺斯惊魂记 Derrière les murs,3.9,剧情 / 悬疑 / 惊悚 / 恐怖,法国,2012,1585.0,0.0
355,诡爱,5.5,悬疑 / 惊悚,中国大陆,2012,1210.0,1.0
356,新妈妈再爱我一次,4.7,剧情 / 爱情 / 家庭,中国大陆,2012,532.0,1.0
357,冰雪11天,7.1,剧情 / 灾难,中国大陆,2012,818.0,1.0
358,给野兽献花,4.8,剧情 / 爱情,中国大陆,2012,610.0,1.0
359,天生爱情狂 天生愛情狂,5.8,喜剧 / 爱情,中国香港,2012,960.0,1.0
360,幻影追凶 Faces in the Crowd,6.2,剧情 / 惊悚 / 犯罪,美国/法国/加拿大/英国,2012,1245.0,0.0
361,守护者联盟 Rise of the Guardians,8.2,动画 / 家庭 / 奇幻 / 冒险,美国,2012,2780.0,0.0
362,无敌破坏王 Wreck-It Ralph,8.7,喜剧 / 动画 / 奇幻 / 冒险,美国,2012,6255.0,0.0
363,寒战 寒戰,7.6,剧情 / 动作 / 犯罪,中国香港/中国大陆,2012,24865.0,1.0
364,叛谍追击 The Expatriate,6.1,动作 / 惊悚,美国/加拿大/比利时,2012,1316.0,0.0
365,安娜·卡列尼娜 Anna Karenina,7.3,剧情 / 爱情,英国,2012,1130.0,0.0
366,男人如衣服,5.1,喜剧 / 爱情,中国香港/中国大陆,2012,2680.0,1.0
367,雨中的树,5.7,剧情,中国大陆,2012,1755.0,1.0
368,太极2：英雄崛起,5.9,喜剧 / 动作 / 奇幻 / 武侠 / 古装,中国大陆,2012,12135.0,1.0
369,暮光之城4：破晓(上) The Twilight Saga: Breaking Dawn - Part 1,6.9,剧情 / 爱情 / 惊悚 / 奇幻 / 冒险,美国,2012,3295.0,0.0
370,全面回忆 Total Recall,7.1,动作 / 科幻 / 惊悚 / 冒险,美国/加拿大,2012,11599.0,0.0
371,谍影重重4 The Bourne Legacy,6.8,动作 / 悬疑 / 惊悚,美国/日本,2012,21925.0,0.0
372,宝贝女儿好妈妈之吃记忆的大雪球,5.7,喜剧 / 动画 / 家庭,中国大陆,2012,350.0,1.0
373,飓风营救2 Taken 2,6.9,剧情 / 动作 / 犯罪,法国/美国,2012,11630.0,0.0
374,萨米大冒险 Le Voyage extraordinaire de Samy,6.9,动画 / 冒险,比利时/法国,2012,2150.0,0.0
375,危险关系,5.9,剧情 / 爱情,中国大陆/韩国/新加坡,2012,5925.0,1.0
376,铜雀台,5.2,剧情 / 古装,中国大陆,2012,9835.0,1.0
377,二次曝光,6.1,剧情 / 爱情 / 悬疑,中国大陆,2012,10662.0,1.0
378,环形使者 Looper,6.9,动作 / 科幻 / 惊悚,美国/中国大陆,2012,12785.0,1.0
379,太极1：从零开始,5.7,喜剧 / 动作 / 奇幻 / 武侠 / 古装,中国大陆,2012,14640.0,1.0
380,毕业那年,3.9,剧情 / 音乐,中国大陆,2012,79.0,1.0
381,非常营救,5.4,剧情 / 悬疑,中国大陆,2012,65.0,1.0
382,伤心童话,5.0,喜剧 / 爱情,中国大陆,2012,1020.0,1.0
383,秘鲁大冒险 Las aventuras de Tadeo Jones,6.5,动画 / 冒险,西班牙,2012,1220.0,0.0
384,黑衣女人 The Woman in Black,5.8,剧情 / 惊悚 / 恐怖,英国/加拿大/瑞典,2012,1678.0,0.0
385,白鹿原,6.5,剧情 / 历史,中国大陆,2012,12975.000000000002,1.0
386,超凡蜘蛛侠 The Amazing Spider-Man,7.7,动作 / 科幻 / 奇幻 / 冒险,美国,2012,32038.000000000004,0.0
387,蝙蝠侠：黑暗骑士崛起 The Dark Knight Rises,8.8,剧情 / 动作 / 科幻 / 犯罪 / 惊悚,美国/英国,2012,35085.0,0.0
388,普罗米修斯 Prometheus,7.6,科幻 / 惊悚 / 冒险,美国/英国,2012,22415.0,0.0
389,敢死队2 The Expendables 2,7.0,动作 / 冒险,美国/德国/保加利亚/中国大陆,2012,33555.0,1.0
390,爆笑角斗士 勁抽福祿壽,6.3,喜剧,中国香港,2012,400.0,1.0
391,恐怖旅馆,2.8,喜剧 / 恐怖,中国大陆,2012,1481.0,1.0
392,边境风云,7.8,剧情 / 犯罪,中国大陆,2012,2978.0,1.0
393,河东狮吼2,3.5,喜剧 / 动作 / 爱情,中国大陆/中国香港,2012,7405.0,1.0
394,HOLD住爱,3.6,喜剧 / 爱情 / 悬疑,中国大陆,2012,4580.0,1.0
395,消失的子弹,6.5,动作 / 悬疑 / 犯罪,中国大陆/中国香港,2012,16005.0,1.0
396,乐翻天,5.1,喜剧,中国大陆,2012,520.0,1.0
397,搞定岳父大人,6.4,喜剧 / 爱情 / 家庭,中国大陆,2012,1575.0,1.0
398,神秘世界历险记,7.2,喜剧 / 动画 / 家庭 / 奇幻 / 冒险,中国大陆,2012,2160.0,1.0
399,太空一号 Lockout,6.2,动作 / 科幻 / 惊悚,美国/法国,2012,3540.0,0.0
400,机械师 The Mechanic,7.2,动作 / 惊悚,美国,2012,8900.0,0.0
401,我爱灰太狼,4.7,喜剧 / 动画 / 冒险,中国大陆,2012,7250.0,1.0
402,听风者,6.9,剧情 / 悬疑,中国大陆/中国香港,2012,24220.0,1.0
403,神探亨特张,7.0,动作 / 犯罪,中国大陆,2012,770.0,1.0
404,老雷斯的故事 The Lorax,6.9,动画 / 奇幻 / 家庭,美国/法国,2012,1345.0,0.0
405,笔仙,4.7,悬疑 / 恐怖,中国大陆,2012,6010.0,1.0
406,在劫难逃 Abduction,5.8,剧情 / 动作 / 悬疑 / 惊悚,美国,2012,5270.0,0.0
407,冰川时代4 Ice Age: Continental Drift,8.1,喜剧 / 动画 / 冒险,美国,2012,45780.0,0.0
408,青魇,6.1,剧情 / 悬疑 / 恐怖,中国大陆/中国香港,2012,765.0,1.0
409,十二星座离奇事件,3.1,悬疑 / 惊悚 / 犯罪,中国大陆,2012,1930.0,1.0
410,超决战！贝利亚银河帝国 ウルトラマンゼロ THE MOVIE 超決戦！ベリアル銀河帝国,7.7,动作,日本,2012,1965.0,0.0
411,大武当之天地密码,4.0,喜剧 / 动作 / 冒险,中国大陆/中国香港,2012,3400.0,1.0
412,麦兜·当当伴我心 麥兜?噹噹伴我心,8.5,喜剧 / 动画,中国大陆/中国香港,2012,4620.0,1.0
413,搜索,7.4,剧情 / 悬疑,中国大陆,2012,17630.0,1.0
414,四大名捕,5.4,动作 / 爱情 / 悬疑 / 武侠 / 古装,中国大陆/中国香港,2012,19610.0,1.0
415,勇敢传说 Brave,7.6,喜剧 / 动画 / 奇幻 / 冒险,美国,2012,2625.0,0.0
416,猪猪侠之囧囧危机,6.3,动画 / 儿童,中国大陆,2012,1150.0,1.0
417,车手 車手,6.1,动作 / 犯罪 / 剧情,中国大陆/中国香港,2012,2680.0,1.0
418,赛尔号大电影2之雷伊与迈尔斯,5.5,动画 / 奇幻 / 冒险,中国大陆,2012,3211.0,1.0
419,痞子英雄之全面开战 痞子英雄,6.3,剧情 / 动作 / 犯罪,中国大陆/中国台湾,2012,8945.0,1.0
420,画皮2 畫皮Ⅱ,6.1,剧情 / 爱情 / 奇幻 / 惊悚,中国大陆/中国香港,2012,72640.0,1.0
421,宝岛双雄 寶島雙雄,4.4,喜剧 / 动作 / 爱情,中国大陆/中国台湾,2012,700.0,1.0
422,2012喜上加喜 2012我愛HK 喜上加囍,6.1,剧情 / 喜剧,中国香港/中国大陆,2012,360.0,1.0
423,特工争风 This Means War,6.6,喜剧 / 动作 / 爱情,美国,2012,1700.0,0.0
424,半夜不要照镜子,3.6,悬疑 / 惊悚,中国大陆,2012,1160.0,1.0
425,百万巨鳄,5.0,喜剧 / 惊悚 / 灾难,中国大陆,2012,1210.0,1.0
426,笔仙惊魂,3.4,悬疑 / 惊悚 / 恐怖,中国大陆,2012,2325.0,1.0
427,第一次,6.1,爱情,中国大陆,2012,3390.0,1.0
428,"马达加斯加3 Madagascar 3: Europe&#39,s Most Wanted",8.2,喜剧 / 动画 / 冒险,美国,2012,21440.0,0.0
429,饥饿游戏 The Hunger Games,7.1,动作 / 科幻 / 冒险,美国,2012,17840.0,0.0
430,忠诚与背叛,5.0,剧情 / 历史,中国大陆,2012,1150.0,1.0
431,超蛙战士之威武教官,5.1,动作 / 科幻 / 动画,中国大陆,2012,500.0,1.0
432,醉后一夜,5.4,喜剧 / 爱情 / 悬疑,中国大陆/中国香港,2012,990.0,1.0
433,雨果 Hugo,7.7,剧情 / 儿童 / 奇幻 / 冒险,英国/美国/法国,2012,2110.0,0.0
434,潜艇总动员2,4.0,喜剧 / 动画 / 家庭 / 冒险,中国大陆,2012,1690.0,1.0
435,白雪公主之魔镜魔镜 Mirror Mirror,6.2,剧情 / 喜剧 / 奇幻 / 冒险,美国,2012,4453.0,0.0
436,神奇海盗团 The Pirates! In an Adventure with Scientists!,7.0,喜剧 / 动画 / 家庭 / 冒险,英国/美国,2012,3690.0,0.0
437,黑衣人3 Men in Black III,7.7,动作 / 喜剧 / 科幻,美国,2012,51655.0,0.0
438,浮城大亨 浮城,7.5,剧情,中国大陆/中国香港,2012,830.0,1.0
439,赛德克·巴莱 賽德克·巴萊,8.8,剧情 / 历史 / 战争,中国台湾,2012,1475.0,1.0
440,追凶,4.5,犯罪 / 悬疑 / 惊悚,中国香港,2012,1515.0,1.0
441,影子爱人 影子愛人,4.1,喜剧 / 爱情,中国大陆/中国香港,2012,1760.0,1.0
442,人狼大战 The Grey,6.5,剧情 / 动作 / 惊悚 / 冒险,美国,2012,3830.0,0.0
443,三个火枪手 The Three Musketeers,6.7,动作 / 冒险 / 爱情,美国/德国/法国/英国,2012,4150.0,0.0
444,我是大熊猫,3.0,动画 / 冒险,中国大陆,2012,395.0,1.0
445,形影不离,5.9,剧情 / 悬疑,中国大陆,2012,880.0,1.0
446,匹夫,5.4,剧情 / 动作 / 战争 / 西部,中国大陆,2012,2460.0,1.0
447,杀生,7.8,剧情 / 悬疑,中国大陆,2012,1900.0,1.0
448,黄金大劫案,6.8,剧情 / 喜剧 / 动作 / 历史 / 爱情 / 战争,中国大陆,2012,15345.0,1.0
449,复仇者联盟 The Avengers,8.3,动作 / 科幻 / 奇幻 / 冒险,美国,2012,57285.00000000001,0.0
450,荒岛情未了,3.7,悬疑 / 惊悚 / 冒险,中国大陆,2012,330.0,1.0
451,爱在那一天,4.2,剧情 / 爱情,中国大陆,2012,510.0,1.0
452,纽约行动 Ninja,4.4,动作 / 犯罪 / 剧情 / 惊悚,美国,2012,1220.0,0.0
453,迈阿密行动 R.T.T.,6.1,喜剧 / 爱情,法国,2012,1665.0,0.0
454,灵魂战车2：复仇时刻 Ghost Rider: Spirit of Vengeance,5.9,动作 / 奇幻 / 惊悚,美国/阿联酋,2012,5750.0,0.0
455,超级战舰 Battleship,6.7,动作 / 科幻 / 冒险 / 灾难,美国/日本/中国香港,2012,31640.0,1.0
456,台北飘雪 Snowfall in Taipei,5.6,剧情,中国大陆/日本/中国香港/中国台湾,2012,180.0,1.0
457,车在囧途,3.9,喜剧 / 爱情,中国大陆,2012,2695.0,1.0
458,绣花鞋,4.4,剧情 / 恐怖,中国大陆,2012,4430.0,1.0
459,春娇与志明 春嬌與志明,7.3,剧情 / 喜剧 / 爱情,中国香港/中国大陆,2012,7135.0,1.0
460,诸神之怒 Wrath of the Titans,6.1,动作 / 奇幻 / 冒险,美国,2012,16505.0,0.0
461,兵临城下之决战要塞 Брестская Крепость,8.0,剧情 / 动作 / 历史 / 战争,俄罗斯/白俄罗斯,2012,450.0,0.0
462,饮食男女：好远又好近,5.3,剧情 / 喜剧 / 爱情,中国大陆/中国台湾,2012,270.0,1.0
463,玩命追踪 Blitz,6.3,动作 / 犯罪 / 惊悚,英国/法国/美国,2012,3065.0,0.0
464,大追捕,7.3,剧情 / 动作 / 犯罪 / 悬疑 / 惊悚,中国香港/中国大陆,2012,4830.0,1.0
465,异星战场 John Carter,6.5,动作 / 科幻 / 奇幻 / 冒险,美国,2012,26170.0,0.0
466,神通乡巴佬,4.2,剧情 / 喜剧 / 爱情,中国大陆,2012,215.0,1.0
467,高举爱 高舉?愛,6.1,剧情 / 爱情,中国香港,2012,250.0,1.0
468,疯狂的蠢贼,4.1,喜剧 / 犯罪,中国大陆,2012,1315.0,1.0
469,变节：潜罪犯 Laughing Gor之潛罪犯,6.1,动作 / 犯罪 / 悬疑,中国香港,2012,1200.0,1.0
470,史前怪兽 Legendary,3.0,动作 / 科幻 / 惊悚 / 冒险,英国/中国大陆,2013,3397.0,1.0
471,等风来,5.7,喜剧 / 爱情,中国大陆,2013,7498.0,1.0
472,一夜惊喜,5.2,喜剧 / 爱情,中国大陆/中国香港,2013,16652.0,1.0
473,饥饿游戏2：星火燎原 The Hunger Games: Catching Fire,7.4,动作 / 科幻 / 冒险,美国,2013,17103.0,0.0
474,四大名捕2,5.3,动作 / 悬疑 / 奇幻 / 武侠 / 古装,中国大陆/中国香港,2013,17252.0,1.0
475,惊天危机 White House Down,7.3,动作 / 灾难,美国,2013,17582.0,0.0
476,全民目击,7.8,剧情 / 犯罪 / 悬疑,中国大陆,2013,17915.0,1.0
477,分手合约,5.8,爱情,中国大陆/韩国,2013,19004.0,1.0
478,101次求婚,5.7,爱情,中国大陆/中国台湾/日本,2013,19601.0,1.0
479,虎胆龙威5 A Good Day to Die Hard,6.4,动作 / 惊悚 / 犯罪,美国/英国/匈牙利,2013,19804.0,0.0
480,盲探,7.2,喜剧 / 爱情 / 悬疑 / 惊悚 / 犯罪,中国大陆/中国香港,2013,20730.0,1.0
481,怪兽大学 Monsters University,8.3,喜剧 / 动画 / 冒险,美国,2013,20783.0,0.0
482,重返地球 After Earth,5.7,动作 / 科幻 / 冒险,美国,2013,21292.0,0.0
483,扫毒 掃毒,7.6,剧情 / 动作 / 犯罪 / 悬疑,中国大陆/中国香港,2013,23580.0,1.0
484,金刚狼2 The Wolverine,6.7,动作 / 科幻,美国/英国,2013,24890.0,0.0
485,金蝉脱壳 Escape Plan,7.8,动作 / 惊悚,美国,2013,25080.0,0.0
486,无人区,8.3,剧情 / 犯罪 / 西部,中国大陆,2013,25598.0,1.0
487,厨子戏子痞子,7.2,喜剧 / 动作,中国大陆,2013,26917.0,1.0
488,警察故事2013,5.9,剧情 / 动作 / 犯罪,中国大陆/中国香港,2013,52714.0,1.0
489,不二神探,4.8,喜剧 / 动作 / 犯罪,中国大陆,2013,27997.0,1.0
490,一代宗师 一代宗師,8.1,剧情 / 传记 / 动作 / 爱情,中国大陆/中国香港,2013,28201.0,1.0
491,小时代2：青木时代,5.1,剧情 / 喜剧 / 爱情,中国大陆/中国台湾,2013,29173.0,1.0
492,天机·富春山居图,3.0,动作 / 冒险,中国大陆,2013,29397.000000000004,1.0
493,风暴 風暴,6.5,动作 / 犯罪,中国香港/中国大陆,2013,31036.0,1.0
494,霍比特人1：意外之旅 The Hobbit: An Unexpected Journey,8.4,动作 / 奇幻 / 冒险,美国/新西兰,2013,31227.0,0.0
495,特种部队2：全面反击 G.I. Joe: Retaliation,6.6,动作 / 科幻,美国,2013,33430.0,0.0
496,雷神2：黑暗世界 Thor: The Dark World,7.4,动作 / 奇幻 / 冒险,美国,2013,33910.0,0.0
497,侏罗纪公园 Jurassic Park,8.2,科幻 / 惊悚 / 冒险,美国,2013,34447.0,0.0
498,星际迷航2：暗黑无界 Star Trek Into Darkness,8.0,动作 / 科幻 / 冒险,美国,2013,35154.0,0.0
499,007：大破天幕杀机 Skyfall,7.2,动作 / 惊悚 / 冒险,英国/美国/土耳其,2013,36949.0,0.0
500,疯狂原始人 The Croods,8.7,喜剧 / 动画 / 冒险,美国,2013,39107.0,0.0
501,超人：钢铁之躯 Man of Steel,7.3,动作 / 科幻 / 冒险,美国/英国,2013,39192.0,0.0
502,速度与激情6 Furious 6,7.9,动作 / 犯罪,美国,2013,43292.0,0.0
503,小时代,4.9,剧情 / 喜剧 / 爱情,中国大陆/中国台湾,2013,47937.0,1.0
504,北京遇上西雅图,7.3,喜剧 / 爱情,中国大陆/中国香港,2013,51330.0,1.0
505,中国合伙人,7.6,剧情,中国大陆/中国香港,2013,53402.0,1.0
506,私人订制,5.9,喜剧,中国大陆,2013,70525.0,1.0
507,狄仁杰之神都龙王,6.5,动作 / 悬疑 / 古装,中国大陆/中国香港,2013,59022.0,1.0
508,环太平洋 Pacific Rim,7.7,动作 / 科幻 / 冒险,美国,2013,70860.0,0.0
509,西游降魔篇,7.2,喜剧 / 奇幻 / 冒险,中国大陆/中国香港,2013,123537.0,1.0
510,魔境仙踪 Oz: The Great and Powerful,6.4,奇幻 / 冒险,美国,2013,16227.0,0.0
511,极乐空间 Elysium,6.4,剧情 / 动作 / 科幻,美国,2013,15827.0,0.0
512,特殊身份,4.4,动作 / 犯罪,中国大陆,2013,15361.0,1.0
513,快乐到家,3.3,喜剧,中国大陆,2013,14935.0,1.0
514,遗落战境 Oblivion,7.1,动作 / 科幻 / 冒险,美国,2013,14738.0,0.0
515,被偷走的那五年,6.0,爱情,中国大陆,2013,14693.0,1.0
516,毒战 毒戰,7.5,剧情 / 动作 / 犯罪,中国大陆/中国香港,2013,14517.0,1.0
517,惊天魔盗团 Now You See Me,7.8,剧情 / 犯罪 / 悬疑,美国/法国,2013,14080.0,0.0
518,蓝精灵2 The Smurfs 2,6.6,喜剧 / 动画 / 奇幻,美国,2013,13503.0,0.0
519,非常幸运,4.6,喜剧 / 爱情,中国大陆/中国香港,2013,13450.0,1.0
520,逃出生天,6.7,剧情 / 灾难,中国香港/中国大陆,2013,12944.0,1.0
521,喜羊羊与灰太狼之喜气羊羊过蛇年,6.7,喜剧 / 动画 / 家庭 / 冒险,中国大陆,2013,12177.0,1.0
522,天台爱情,6.7,喜剧 / 动作 / 爱情 / 歌舞,中国大陆/中国香港/中国台湾,2013,11783.999999999998,1.0
523,激战 激戰,7.9,剧情 / 动作 / 运动,中国香港/中国大陆,2013,11426.0,1.0
524,极速蜗牛 Turbo,7.4,喜剧 / 动画 / 冒险,美国,2013,11108.0,0.0
525,大明猩 ??? ?,5.5,剧情 / 喜剧 / 运动,中国大陆/韩国,2013,11086.0,1.0
526,生化危机5：惩罚 Resident Evil: Retribution,6.4,动作 / 科幻 / 恐怖,德国/加拿大/美国/法国,2013,10817.000000000002,0.0
527,侠探杰克 Jack Reacher,6.4,动作 / 惊悚 / 犯罪,美国,2013,9477.0,0.0
528,我想和你好好的,6.0,剧情 / 爱情,中国大陆,2013,8392.0,1.0
529,了不起的盖茨比 The Great Gatsby,8.0,剧情 / 爱情,澳大利亚/美国,2013,8222.0,0.0
530,笔仙Ⅱ,3.9,悬疑 / 惊悚,中国大陆,2013,8116.0,1.0
531,独行侠 The Lone Ranger,7.1,动作 / 西部 / 冒险,美国,2013,7926.0,0.0
532,赛尔号大电影3之战神联盟,5.9,动画 / 儿童 / 冒险,中国大陆,2013,7552.0,1.0
533,逆世界 Upside Down,6.4,剧情 / 爱情 / 科幻 / 奇幻,加拿大/法国,2013,7283.0,0.0
534,精灵旅社 Hotel Transylvania,8.1,喜剧 / 动画 / 奇幻,美国,2013,7274.0,0.0
535,我爱灰太狼2,3.9,喜剧 / 动画,中国大陆,2013,7251.0,1.0
536,斯大林格勒 Сталинград,6.3,动作 / 战争,俄罗斯,2013,7069.0,0.0
537,笑功震武林,4.7,喜剧 / 动作,中国大陆/中国香港,2013,6824.0,1.0
538,摩登年代,5.7,剧情 / 喜剧,中国大陆,2013,6758.0,1.0
539,洛克王国2：圣龙的心愿,6.5,动画 / 奇幻 / 冒险,中国大陆,2013,6556.0,1.0
540,悲惨世界 Les Misérables,8.7,剧情 / 爱情 / 歌舞,英国/美国,2013,6214.0,0.0
541,忠烈杨家将,6.2,战争 / 古装,中国大陆/中国香港,2013,6063.0,1.0
542,百星酒店,5.7,喜剧 / 爱情,中国大陆/中国香港,2013,5548.0,1.0
543,赤焰战场2 Red 2,7.2,喜剧 / 动作 / 犯罪,美国/法国/加拿大,2013,5498.0,0.0
544,潜艇总动员3：彩虹宝藏,4.3,动画 / 儿童,中国大陆,2013,5465.0,1.0
545,海啸奇迹 Lo imposible,7.8,剧情 / 灾难 / 家庭,西班牙/泰国/美国,2013,5379.0,0.0
546,宫锁沉香,5.4,剧情 / 爱情 / 古装,中国大陆,2013,5363.0,1.0
547,巨人捕手杰克 Jack the Giant Slayer,6.3,剧情 / 奇幻 / 冒险,美国,2013,5309.0,0.0
548,致命黑兰 Colombiana,7.1,剧情 / 动作 / 惊悚 / 犯罪,法国,2013,4972.0,0.0
549,森林战士 Epic,7.4,动画 / 奇幻 / 冒险,美国,2013,4916.0,0.0
550,背水一战 The Last Stand,6.9,喜剧 / 动作 / 犯罪,美国,2013,4892.0,0.0
551,劫案迷云 Stolen,6.1,剧情 / 动作 / 惊悚 / 犯罪,美国,2013,4336.0,0.0
552,控制,5.8,动作 / 科幻 / 犯罪 / 悬疑,中国香港/中国大陆,2013,4312.0,1.0
553,神奇,2.9,剧情 / 爱情 / 运动,中国大陆,2013,4280.0,1.0
554,辛巴达历险记2013,5.0,动画 / 冒险,中国大陆,2013,3751.0,1.0
555,开心超人,8.3,动画 / 冒险,中国大陆,2013,3345.0,1.0
556,在一起,3.7,爱情,中国香港/中国大陆,2013,3145.0,1.0
557,青春派,7.4,剧情 / 爱情,中国大陆,2013,3078.0,1.0
558,白狐,3.5,动作 / 爱情 / 奇幻 / 古装,中国大陆,2013,3047.0,1.0
559,我爱的是你爱我,5.4,剧情 / 爱情,中国大陆,2013,2940.0,1.0
560,越来越好之村晚,4.3,喜剧 / 爱情,中国大陆,2013,2827.0,1.0
561,特警判官 Dredd,6.5,动作 / 科幻 / 惊悚 / 犯罪,英国/美国/印度/南非,2013,2784.0,0.0
562,超级经纪人 超級經理人,4.9,喜剧,中国香港/中国大陆,2013,2732.0,1.0
563,魁拔之大战元泱界,8.2,动作 / 动画 / 奇幻 / 冒险,中国大陆,2013,2440.0,1.0
564,枕边有张脸,3.8,悬疑 / 惊悚,中国大陆,2013,2328.0,1.0
565,意外的恋爱时光,5.6,喜剧 / 爱情,中国大陆,2013,2288.0,1.0
566,一场风花雪月的事,4.5,动作 / 爱情 / 犯罪,中国大陆,2013,2253.0,1.0
567,同谋 同謀,5.1,剧情 / 悬疑 / 犯罪,中国香港/中国大陆,2013,2223.0,1.0
568,圣诞玫瑰,6.1,剧情 / 悬疑 / 犯罪,中国大陆/中国香港,2013,2087.0,1.0
569,电梯惊魂,3.6,悬疑 / 惊悚,中国大陆,2013,2078.0,1.0
570,5月天诺亚方舟,8.5,剧情 / 纪录片 / 音乐,中国台湾,2013,1995.0,1.0
571,81号农场之保卫麦咭,5.2,喜剧 / 动画 / 家庭,中国大陆,2013,1889.0,1.0
572,诡婴吉咪 詭嬰,3.7,惊悚,中国大陆,2013,1748.0,1.0
573,穿越火线 Август. Восьмого,6.8,剧情 / 动作 / 战争 / 科幻,俄罗斯,2013,1688.0,0.0
574,被解救的姜戈 Django Unchained,8.8,剧情 / 动作 / 西部 / 冒险,美国,2013,1648.0,0.0
575,孤岛惊魂2,2.9,悬疑 / 惊悚 / 恐怖,中国大陆,2013,1603.0,1.0
576,昆塔：盒子总动员,6.2,喜剧 / 动画 / 冒险,中国大陆,2013,1414.0,1.0
577,201314,4.3,爱情,中国大陆,2013,1293.0,1.0
578,制服,5.1,犯罪,中国大陆,2013,1275.0,1.0
579,赤警威龙 Bullet to the Head,5.9,动作 / 犯罪 / 惊悚,美国,2013,1255.0,0.0
580,金刚王：死亡救赎,5.5,剧情 / 动作,中国大陆,2013,1238.0,1.0
581,"萨米大冒险2 Sammy&#39,s avonturen 2",6.7,动画 / 冒险,比利时/美国/法国,2013,1213.0,0.0
582,爱神,6.6,喜剧 / 爱情,中国大陆,2013,1191.0,1.0
583,王牌情敌 2013我愛HK恭囍發財,5.6,喜剧 / 爱情,中国香港,2013,1142.0,1.0
584,回到爱开始的地方,6.4,剧情 / 爱情,中国大陆/中国台湾,2013,1096.0,1.0
585,波鲁鲁冰雪大冒险,6.5,动画 / 家庭 / 儿童 / 冒险,韩国/中国大陆,2013,1084.0,1.0
586,一路顺疯,5.2,喜剧,中国大陆,2013,1072.0,1.0
587,叶问：终极一战 葉問：終極一戰,6.2,剧情 / 动作 / 传记,中国大陆/中国香港,2013,1062.0,1.0
588,女蛹,6.6,爱情 / 悬疑 / 惊悚,中国大陆,2013,1050.0,1.0
589,杀戒,5.4,爱情 / 悬疑,中国大陆,2013,930.0,1.0
590,绿林大冒险,6.1,动画 / 奇幻 / 冒险,中国大陆,2013,804.0,1.0
591,夺命追踪 Gone,6.0,剧情 / 悬疑 / 惊悚,美国,2013,791.0,0.0
592,愤怒的小孩,6.3,喜剧 / 儿童,中国大陆,2013,776.0,1.0
593,逆光飞翔 逆光飛翔,8.2,剧情 / 爱情,中国台湾,2013,772.0,1.0
594,奥林匹斯的陷落 Olympus Has Fallen,6.5,动作 / 犯罪,美国,2013,3943.0,0.0
595,双雄 Welcome to the Punch,5.9,动作 / 犯罪 / 惊悚 / 冒险,英国/美国,2013,753.0,0.0
596,我的男男男男朋友,3.7,喜剧 / 爱情,中国大陆,2013,745.0,1.0
597,临终囧事,5.5,喜剧 / 恐怖,中国大陆,2013,739.0,1.0
598,咒·丝,4.6,惊悚,中国大陆,2013,708.0,1.0
599,一座城池,5.4,剧情 / 喜剧,中国大陆,2013,658.0,1.0
600,猎仇者,4.2,悬疑 / 惊悚 / 犯罪,中国大陆/中国香港,2013,566.0,1.0
601,圣龙奇兵大冒险,5.5,动画 / 冒险 / 武侠,中国大陆,2013,563.0,1.0
602,青蛙王国,6.6,动画 / 冒险,中国大陆,2013,1712.0,1.0
603,金太狼的幸福生活,6.3,喜剧,中国大陆,2013,539.0,1.0
604,一路狂奔,3.2,喜剧,中国大陆,2013,526.0,1.0
605,爱情银行,6.0,剧情 / 爱情,中国大陆,2013,513.0,1.0
606,午夜微博,3.4,悬疑 / 惊悚 / 恐怖,中国大陆,2013,508.0,1.0
607,疯狂的导演,3.1,喜剧,中国大陆,2013,493.0,1.0
608,变形金刚4：绝迹重生 Transformers: Age of Extinction,6.7,动作 / 科幻,美国/中国大陆/中国香港,2014,196495.0,1.0
609,心花路放,7.2,喜剧 / 爱情,中国大陆,2014,114911.0,1.0
610,西游记之大闹天宫,4.3,动作 / 奇幻,中国大陆/中国香港,2014,102893.00000000001,1.0
611,智取威虎山,7.7,剧情 / 动作 / 战争 / 冒险,中国大陆/中国香港,2014,88314.0,1.0
612,星际穿越 Interstellar,9.4,剧情 / 科幻 / 冒险,美国/英国/加拿大,2014,74799.0,0.0
613,X战警：逆转未来 X-Men: Days of Future Past,8.2,剧情 / 动作 / 科幻 / 冒险,美国/英国,2014,71860.0,0.0
614,美国队长2 Captain America: The Winter Soldier,8.0,动作 / 科幻 / 冒险,美国,2014,71249.0,0.0
615,猩球崛起2：黎明之战 Dawn of the Planet of the Apes,7.7,剧情 / 动作 / 科幻,美国,2014,71154.0,0.0
616,爸爸去哪儿,5.8,儿童 / 喜剧 / 家庭,中国大陆,2014,68579.0,1.0
617,分手大师,5.1,喜剧 / 爱情,中国大陆,2014,65608.0,1.0
618,后会无期,7.2,剧情,中国大陆,2014,62299.0,1.0
619,匆匆那年,5.6,爱情,中国大陆,2014,60320.0,1.0
620,银河护卫队 Guardians of the Galaxy,8.1,动作 / 科幻 / 冒险,美国/英国,2014,59033.0,0.0
621,超凡蜘蛛侠2 The Amazing Spider-Man 2,7.7,动作 / 科幻 / 奇幻 / 冒险,美国,2014,58247.0,0.0
622,澳门风云 賭城風雲,5.8,喜剧 / 动作,中国大陆/中国香港,2014,51846.0,1.0
623,一步之遥,6.6,剧情 / 喜剧 / 动作,中国大陆/美国/中国香港,2014,51075.0,1.0
624,小时代3：刺金时代,4.7,剧情 / 喜剧 / 爱情,中国大陆/中国台湾,2014,50713.0,1.0
625,哥斯拉 Godzilla,6.6,动作 / 科幻 / 冒险 / 灾难,美国/日本,2014,47764.0,0.0
626,霍比特人2：史矛革之战 The Hobbit: The Desolation of Smaug,8.5,动作 / 奇幻 / 冒险,美国/新西兰,2014,45809.0,0.0
627,敢死队3 The Expendables 3,6.9,动作 / 惊悚 / 冒险,美国/法国,2014,45353.0,0.0
628,同桌的妳,6.0,剧情 / 爱情,中国大陆,2014,45026.0,1.0
629,驯龙高手2 How to Train Your Dragon 2,8.1,动画 / 奇幻 / 冒险,美国,2014,40122.0,0.0
630,极品飞车 Need for Speed,7.3,剧情 / 动作 / 犯罪 / 惊悚,美国/菲律宾/爱尔兰/英国,2014,40881.0,0.0
631,明日边缘 Edge of Tomorrow,8.2,动作 / 科幻,美国/加拿大,2014,40400.0,0.0
632,京城81号,4.8,剧情 / 悬疑 / 恐怖,中国大陆,2014,40194.0,1.0
633,北京爱情故事,6.1,爱情,中国大陆,2014,4.0028,1.0
634,忍者神龟：变种时代 Teenage Mutant Ninja Turtles,6.6,喜剧 / 动作 / 科幻 / 冒险,美国,2014,38518.0,0.0
635,白发魔女传之明月天国,3.8,动作 / 爱情 / 奇幻 / 武侠 / 古装,中国大陆/中国香港,2014,38492.0,1.0
636,亲爱的,8.4,剧情 / 家庭,中国大陆/中国香港,2014,33854.0,1.0
637,神偷奶爸2 Despicable Me 2,8.1,喜剧 / 动画 / 冒险,美国/法国/日本,2014,32117.0,0.0
638,机械战警 RoboCop,6.4,动作 / 科幻 / 犯罪,美国,2014,31153.0,0.0
639,窃听风云3,6.4,动作 / 犯罪 / 悬疑 / 惊悚,中国香港/中国大陆,2014,30627.0,1.0
640,冰雪奇缘 Frozen,8.4,喜剧 / 动画 / 奇幻 / 歌舞,美国,2014,29573.0,0.0
641,沉睡魔咒 Maleficent,7.4,奇幻 / 冒险,美国/英国,2014,29380.0,0.0
642,微爱之渐入佳境,4.5,喜剧 / 爱情,中国大陆,2014,28498.0,1.0
643,归来,8.0,剧情 / 历史 / 爱情,中国大陆,2014,28374.0,1.0
644,超体 Lucy,7.4,动作 / 科幻,法国/德国/中国台湾/加拿大/美国/英国,2014,27507.0,1.0
645,马达加斯加的企鹅 Penguins of Madagascar,7.7,喜剧 / 动画 / 冒险,美国,2014,25024.0,0.0
646,里约大冒险2 Rio 2,7.7,喜剧 / 动画 / 冒险,美国,2014,24288.0,0.0
647,熊出没之夺宝熊兵,7.8,喜剧 / 动画 / 冒险 / 家庭,中国大陆,2014,24195.000000000004,1.0
648,一生一世,5.3,爱情,中国大陆/中国香港,2014,22815.0,1.0
649,撒娇女人最好命,5.7,喜剧 / 爱情,中国大陆/中国香港,2014,22511.0,1.0
650,太平轮(上),6.0,剧情 / 爱情 / 战争,中国大陆/中国香港,2014,20571.0,1.0
651,闺蜜,5.3,喜剧 / 爱情,中国大陆,2014,20245.000000000004,1.0
652,老男孩猛龙过江,5.7,剧情 / 喜剧,中国大陆,2014,20215.0,1.0
653,痞子英雄2：黎明升起 痞子英雄2：黎明再起,5.6,剧情 / 动作 / 犯罪,中国大陆/中国台湾/中国香港,2014,19739.0,1.0
654,单身男女2 單身男女II,5.5,喜剧 / 爱情,中国香港/中国大陆,2014,19615.0,1.0
655,四大名捕大结局,5.2,动作 / 爱情 / 悬疑 / 武侠 / 古装,中国大陆/中国香港,2014,19187.0,1.0
656,暴力街区 Brick Mansions,7.1,剧情 / 动作 / 犯罪,法国/加拿大/美国/西班牙,2014,18619.0,0.0
657,黄飞鸿之英雄有梦,5.7,剧情 / 动作 / 爱情 / 武侠,中国大陆/中国香港/英国,2014,18070.0,1.0
658,我的早更女友,5.5,喜剧 / 爱情,中国大陆,2014,16240.000000000002,1.0
659,一触即发 Jack Ryan: Shadow Recruit,5.7,剧情 / 动作 / 惊悚,美国/俄罗斯,2014,15891.0,0.0
660,移动迷宫 The Maze Runner,7.1,动作 / 科幻 / 冒险,美国/英国,2014,14849.000000000002,0.0
661,冰封：重生之门,4.0,喜剧 / 动作 / 奇幻,中国大陆,2014,14052.0,1.0
662,"安德的游戏 Ender&#39,s Game",7.1,动作 / 科幻 / 冒险,美国,2014,13769.0,0.0
663,超验骇客 Transcendence,6.6,动作 / 爱情 / 科幻,美国/中国大陆/英国,2014,12497.0,1.0
664,前任攻略,6.1,喜剧 / 爱情,中国大陆,2014,1.1841,1.0
665,"天才眼镜狗 Mr. Peabody &amp, Sherman",7.6,喜剧 / 科幻 / 动画 / 冒险,美国,2014,11817.0,0.0
666,狂怒 Fury,8.0,剧情 / 动作 / 战争,美国/中国大陆/英国,2014,11760.0,1.0
667,一个人的武林,6.6,动作 / 惊悚,中国大陆/中国香港,2014,11603.000000000002,1.0
668,不惧风暴 Into the Storm,6.7,动作 / 灾难,美国,2014,10981.0,0.0
669,魔警,6.1,动作 / 犯罪 / 悬疑 / 惊悚,中国香港/中国大陆,2014,10740.0,1.0
670,空中营救 Non-Stop,7.6,动作 / 悬疑 / 惊悚 / 灾难,英国/法国/美国,2014,10418.0,0.0
671,白日焰火,7.6,剧情 / 犯罪 / 悬疑,中国大陆,2014,10157.0,1.0
672,临时同居 失戀急讓,5.1,喜剧 / 爱情,中国香港/中国大陆,2014,10084.0,1.0
673,庞贝末日 Pompeii,6.2,动作 / 爱情 / 冒险 / 灾难,加拿大/德国/美国,2014,9648.0,0.0
674,反贪风暴 Z風暴,6.2,剧情 / 动作 / 犯罪,中国香港/中国大陆,2014,9446.0,1.0
675,绣春刀,7.7,剧情 / 动作 / 武侠 / 古装,中国大陆,2014,9267.0,1.0
676,喜羊羊与灰太狼之飞马奇遇记,6.3,喜剧 / 动画 / 奇幻 / 冒险 / 家庭,中国大陆,2014,8342.0,1.0
677,整容日记,4.7,喜剧 / 爱情,中国大陆/中国香港,2014,8301.0,1.0
678,宙斯之子：赫拉克勒斯 Hercules,6.1,动作 / 奇幻 / 冒险,美国/匈牙利,2014,8148.0,0.0
679,六福喜事,5.3,喜剧 / 爱情,中国大陆/中国香港,2014,7903.0,1.0
680,分歧者：异类觉醒 Divergent,6.6,动作 / 科幻 / 冒险,美国,2014,7660.0,0.0
681,触不可及,5.6,爱情 / 战争,中国大陆,2014,7600.0,1.0
682,救火英雄,7.3,动作 / 灾难,中国香港/中国大陆,2014,7274.0,1.0
683,英雄之战,3.1,动作 / 爱情,中国大陆,2014,7216.0,1.0
684,雪国列车 ????,7.6,剧情 / 动作 / 科幻,韩国/捷克,2014,6807.0,0.0
685,露水红颜,5.0,爱情,中国大陆,2014,6428.0,1.0
686,盗马记 盜馬記,5.0,喜剧 / 动作 / 爱情 / 悬疑,中国大陆/中国香港,2014,6150.0,1.0
687,神秘世界历险记2,6.6,动画 / 冒险 / 家庭,中国大陆,2014,6120.0,1.0
688,赛尔号大电影4：圣魔之战,5.9,剧情 / 儿童 / 动画 / 冒险,中国大陆,2014,6065.0,1.0
689,神笔马良,6.0,动画 / 奇幻,中国大陆,2014,5717.0,1.0
690,秦时明月之龙腾万里,6.9,动画 / 奇幻 / 冒险 / 武侠,中国大陆,2014,5710.0,1.0
691,龙之谷：破晓奇兵,7.7,动画 / 奇幻 / 冒险,中国大陆,2014,5661.0,1.0
692,别惹我 Malavita,7.2,喜剧 / 犯罪 / 惊悚,法国/英国/美国,2014,5539.0,0.0
693,脱轨时代,6.1,喜剧 / 爱情,中国大陆,2014,5409.0,1.0
694,火鸡总动员 Free Birds,6.1,喜剧 / 动画 / 冒险,美国,2014,4907.0,0.0
695,黄金时代,7.4,剧情 / 传记 / 爱情,中国大陆/中国香港,2014,4876.0,1.0
696,笔仙3,4.3,悬疑 / 惊悚,中国大陆,2014,4860.0,1.0
697,盟军夺宝队 The Monuments Men,5.5,剧情 / 传记 / 历史 / 战争,美国/德国,2014,4669.0,0.0
698,潜艇总动员4：章鱼奇遇记,4.4,喜剧 / 动画 / 冒险,中国大陆,2014,4563.0,1.0
699,冰川时代2：融冰之灾 Ice Age: The Meltdown,8.2,喜剧 / 动画 / 冒险,美国,2014,4327.0,0.0
700,铠甲勇士之雅塔莱斯,6.9,剧情 / 动作 / 科幻,中国大陆,2014,4281.0,1.0
701,麦兜·我和我妈妈 麥兜?我和我媽媽,8.6,喜剧 / 动画 / 家庭,中国香港/中国大陆,2014,4212.0,1.0
702,猪猪侠之勇闯巨人岛,5.1,喜剧 / 动画 / 冒险,中国大陆,2014,4116.0,1.0
703,新大头儿子和小头爸爸之秘密计划,5.1,儿童 / 动画 / 家庭,中国大陆,2014,4022.0,1.0
704,斑马总动员 Khumba,5.8,动画 / 冒险 / 家庭,南非,2014,3945.0,0.0
705,甜蜜杀机 甜蜜殺機,6.0,喜剧 / 爱情 / 犯罪,中国台湾,2014,3656.0,1.0
706,全城通缉,4.6,剧情 / 悬疑,中国大陆,2014,3441.0,1.0
707,笔仙惊魂3,3.4,悬疑 / 惊悚 / 恐怖,中国大陆,2014,3403.0,1.0
708,绝命航班 Last Flight,3.5,动作 / 惊悚 / 灾难,中国大陆,2014,3315.0,1.0
709,蜂鸟特攻 Hummingbird,6.5,剧情 / 动作 / 犯罪 / 惊悚,英国/美国,2014,3202.0,0.0
710,家园防线 Homefront,6.5,动作 / 犯罪 / 惊悚,美国,2014,3199.0,0.0
711,王牌,4.6,剧情 / 悬疑,中国大陆,2014,3129.0,1.0
712,天河,5.0,剧情,中国大陆,2014,2881.0,1.0
713,昆虫总动员 Minuscule: la Vallée des Fourmis Perdues,8.4,动画 / 冒险,法国/比利时,2014,2878.0,0.0
714,完美假妻168,5.0,喜剧 / 爱情 / 悬疑,中国大陆,2014,2848.0,1.0
715,考拉大冒险 ??? ??: ??? ??,5.5,动画 / 冒险 / 家庭,韩国/美国,2014,2838.0,0.0
716,圣杯神器：骸骨之城 The Mortal Instruments: City of Bones,5.7,动作 / 奇幻 / 冒险,美国/德国/加拿大,2014,2819.0,0.0
717,大话天仙,3.4,喜剧 / 奇幻 / 古装,中国大陆/中国香港,2014,2805.0,1.0
718,疯狂72小时,4.7,喜剧,中国大陆,2014,2613.0,1.0
719,怨灵人偶,3.1,惊悚 / 恐怖,中国大陆,2014,2561.0,1.0
720,大力神 The Legend of Hercules,5.0,动作 / 冒险,美国,2014,2516.0,0.0
721,摩纳哥王妃 Grace of Monaco,6.8,剧情 / 传记 / 爱情,法国/美国/比利时/意大利/瑞士,2014,2508.0,0.0
722,辛巴达历险记2,4.1,喜剧 / 动画 / 冒险,中国大陆,2014,2478.0,1.0
723,鸣梁海战 ??,7.2,剧情 / 传记 / 动作 / 战争,韩国,2014,2443.0,0.0
724,百变爱人 Delete愛人,4.5,喜剧 / 爱情,中国香港/中国大陆,2014,2374.0,1.0
725,魁拔Ⅲ战神崛起,8.6,动作 / 动画 / 奇幻 / 冒险,中国大陆,2014,2350.0,1.0
726,极地大冒险2 Niko 2: Lent?j?veljekset,6.1,剧情 / 喜剧 / 动画 / 冒险,芬兰/德国/丹麦/爱尔兰,2014,2290.0,0.0
727,"夜莺 Le Promeneur d&#39,Oiseau",6.5,剧情 / 家庭,中国大陆/法国,2014,2109.0,1.0
728,谁说我们不会爱,3.6,爱情,中国大陆,2014,2099.0,1.0
729,食人虫,3.2,科幻 / 惊悚 / 灾难,中国大陆,2014,2071.0,1.0
730,我在路上最爱你 ? ???,3.6,剧情 / 爱情,中国大陆/韩国,2014,2060.0,1.0
731,机器纪元 Autómata,6.3,科幻 / 惊悚,西班牙/保加利亚,2014,2042.0,0.0
732,魔幻仙踪,4.8,动画 / 奇幻 / 冒险,中国大陆,2014,2020.0,1.0
733,美国骗局 American Hustle,6.8,剧情 / 犯罪,美国,2014,1965.0,0.0
734,幻影车神：魔盗激情 Dhoom 3,7.5,动作 / 犯罪 / 惊悚,印度,2014,1927.0,0.0
735,怨灵,4.0,惊悚 / 恐怖,中国大陆/韩国,2014,1831.0,1.0
736,81号农场之疯狂的麦咭,4.7,喜剧 / 动画 / 冒险 / 家庭,中国大陆,2014,1820.0,1.0
737,碟仙诡谭,3.1,惊悚,中国大陆,2014,1800.0,1.0
738,夺命地铁 Метро,6.8,剧情 / 惊悚 / 灾难,俄罗斯,2014,1738.0,0.0
739,白雪公主之矮人力量,3.5,喜剧 / 动画 / 奇幻 / 冒险,中国大陆,2014,1735.0,1.0
740,末日浩劫 Los últimos días,5.8,科幻 / 惊悚 / 冒险 / 灾难,西班牙/法国,2014,1636.0,0.0
741,美女与野兽 La belle et la bête,6.9,爱情 / 奇幻,法国/德国,2014,1626.0,0.0
742,床下有人2,2.9,悬疑 / 惊悚,中国大陆,2014,1476.0,1.0
743,人间·小团圆 香港仔,5.5,剧情,中国香港/中国大陆,2014,1414.0,1.0
744,大话西游之大圣娶亲 西遊記大結局之仙履奇緣,9.2,喜剧 / 爱情 / 奇幻 / 古装,中国香港/中国大陆,2014,1404.0,1.0
745,过界男女 過界,5.7,剧情 / 爱情,中国香港,2014,1403.0,1.0
746,男人不可以穷 男人唔可以窮,6.0,剧情 / 喜剧,中国香港/中国大陆,2014,1356.0,1.0
747,夜半梳头,3.6,悬疑 / 惊悚,中国大陆,2014,1309.0,1.0
748,我的播音系女友,3.8,喜剧 / 爱情,中国大陆,2014,1262.0,1.0
749,速度与激情7 Furious 7,8.4,动作 / 犯罪,美国/中国大陆/日本,2015,242432.00000000003,1.0
750,捉妖记,6.7,喜剧 / 奇幻 / 古装,中国大陆/中国香港,2015,238211.0,1.0
751,寻龙诀,7.4,剧情 / 动作 / 奇幻 / 冒险,中国大陆/中国香港,2015,168188.0,1.0
752,港囧,5.7,喜剧,中国大陆,2015,161163.0,1.0
753,复仇者联盟2：奥创纪元 Avengers: Age of Ultron,7.5,动作 / 科幻 / 奇幻 / 冒险,美国,2015,146183.0,0.0
754,夏洛特烦恼,7.8,喜剧 / 爱情,中国大陆,2015,144113.0,1.0
755,侏罗纪世界 Jurassic World,7.7,动作 / 科幻 / 冒险,美国,2015,141970.0,0.0
756,煎饼侠,5.8,喜剧,中国大陆,2015,115707.0,1.0
757,澳门风云2 賭城風雲II,5.6,喜剧 / 动作,中国香港/中国大陆,2015,97310.0,1.0
758,西游记之大圣归来,8.3,剧情 / 动画 / 奇幻,中国大陆,2015,94833.0,1.0
759,老炮儿,7.5,剧情 / 犯罪,中国大陆,2015,90224.0,1.0
760,碟中谍5：神秘国度 Mission: Impossible - Rogue Nation,7.9,动作 / 惊悚 / 冒险,美国/中国大陆/奥地利/英国/摩洛哥,2015,86931.0,1.0
761,唐人街探案,7.7,喜剧 / 动作 / 悬疑,中国大陆,2015,82284.0,1.0
762,霍比特人3：五军之战 The Hobbit: The Battle of the Five Armies,8.6,动作 / 奇幻 / 冒险,美国/新西兰,2015,76480.0,0.0
763,天将雄师,6.0,动作 / 战争 / 古装,中国大陆/中国香港,2015,74272.0,1.0
764,终结者：创世纪 Terminator Genisys,6.9,动作 / 科幻 / 冒险,美国,2015,72453.0,0.0
765,狼图腾,6.9,剧情 / 冒险,中国大陆/法国,2015,69636.0,1.0
766,九层妖塔,4.4,动作 / 惊悚 / 冒险,中国大陆,2015,68177.0,1.0
767,蚁人 Ant-Man,7.7,动作 / 科幻 / 冒险,美国,2015,67171.0,0.0
768,恶棍天使,4.4,喜剧,中国大陆,2015,64875.0,1.0
769,末日崩塌 San Andreas,7.0,动作 / 冒险 / 灾难,美国/澳大利亚,2015,62936.0,0.0
770,火星救援 The Martian,8.5,剧情 / 科幻 / 冒险,英国/美国/匈牙利/约旦,2015,58644.0,0.0
771,杀破狼2 殺破狼2,7.5,剧情 / 动作 / 犯罪,中国香港/中国大陆,2015,55975.0,1.0
772,战狼,7.0,动作 / 战争,中国大陆,2015,54319.0,1.0
773,哆啦A梦：伴我同行 STAND BY ME ドラえもん,8.1,剧情 / 动画,日本,2015,52988.0,0.0
774,超能陆战队 Big Hero 6,8.7,喜剧 / 动作 / 科幻 / 动画 / 冒险,美国,2015,52584.0,0.0
775,007：幽灵党 Spectre,6.5,动作 / 惊悚 / 冒险,英国/美国/奥地利/墨西哥/意大利/摩洛哥,2015,52101.0,0.0
776,滚蛋吧！肿瘤君,7.4,喜剧 / 爱情,中国大陆,2015,51018.0,1.0
777,左耳,5.7,剧情 / 爱情,中国大陆,2015,48423.99999999999,1.0
778,小时代4：灵魂尽头,5.0,喜剧 / 爱情,中国大陆,2015,48365.0,1.0
779,王牌特工：特工学院 Kingsman: The Secret Service,8.4,喜剧 / 动作 / 冒险,英国/美国,2015,48330.0,0.0
780,灰姑娘 Cinderella,7.0,爱情 / 奇幻 / 冒险,美国/英国,2015,44431.0,0.0
781,小黄人大眼萌 Minions,7.8,喜剧 / 动画,美国,2015,43545.0,0.0
782,奔跑吧！兄弟,3.6,喜剧,中国大陆,2015,43277.0,1.0
783,百团大战,4.4,动作 / 爱情 / 奇幻,中国大陆/中国香港/美国,2015,40839.99999999999,1.0
784,道士下山,5.5,喜剧 / 动作 / 奇幻 / 古装,中国大陆/美国,2015,40002.00000000001,1.0
785,栀子花开,4.5,爱情,中国大陆,2015,37824.0,1.0
786,重返20岁,7.1,喜剧 / 爱情 / 奇幻,中国大陆/韩国,2015,36429.0,1.0
787,何以笙箫默,3.9,爱情,中国大陆,2015,35259.0,1.0
788,我的少女时代 我的少女時代,7.8,喜剧 / 爱情,中国台湾,2015,33853.0,1.0
789,横冲直撞好莱坞,4.5,喜剧 / 动作 / 冒险,中国大陆/中国香港/美国,2015,32186.0,1.0
790,万万没想到,5.7,喜剧 / 奇幻 / 冒险 / 古装,中国大陆,2015,32127.0,1.0
791,博物馆奇妙夜3 Night at the Museum: Secret of the Tomb,7.3,喜剧 / 奇幻 / 冒险,美国/英国,2015,32082.0,0.0
792,烈日灼心,8.3,剧情 / 犯罪 / 悬疑,中国大陆,2015,30458.0,1.0
793,熊出没之雪岭熊风,8.2,喜剧 / 动画 / 冒险 / 家庭,中国大陆,2015,28980.0,1.0
794,木星上行 Jupiter Ascending,5.5,动作 / 科幻 / 冒险,美国/澳大利亚,2015,28360.0,0.0
795,咱们结婚吧,5.9,喜剧 / 爱情,中国大陆,2015,28319.0,1.0
796,极盗者 Point Break,7.2,动作 / 犯罪 / 运动,中国大陆/德国/美国/奥地利/意大利/加拿大,2015,24805.0,1.0
797,前任2：备胎反击战,5.2,喜剧 / 爱情,中国大陆/中国香港,2015,24697.0,1.0
798,饥饿游戏3：嘲笑鸟(上) The Hunger Games: Mockingjay - Part 1,6.2,动作 / 科幻 / 冒险,美国,2015,22338.0,0.0
799,失孤,6.9,剧情,中国大陆/中国香港,2015,21588.0,1.0
800,我是证人,6.3,剧情 / 犯罪 / 悬疑,中国大陆/韩国,2015,21495.000000000004,1.0
801,爸爸去哪儿2,4.6,儿童 / 喜剧 / 家庭,中国大陆,2015,21481.0,1.0
802,赤道,6.3,剧情 / 动作 / 犯罪 / 悬疑,中国香港,2015,20928.0,1.0
803,移动迷宫2 Maze Runner: The Scorch Trials,6.0,动作 / 科幻 / 冒险,美国,2015,19563.0,0.0
804,解救吾先生,7.7,剧情 / 犯罪,中国大陆,2015,19516.0,1.0
805,第七子：降魔之战 Seventh Son,5.1,奇幻 / 冒险,英国/美国/加拿大/中国大陆,2015,17250.0,1.0
806,疯狂外星人 Home,7.4,喜剧 / 科幻 / 动画 / 冒险,美国,2015,17182.0,0.0
807,新娘大作战,4.3,喜剧 / 爱情,中国大陆/中国香港,2015,17138.0,1.0
808,怦然星动,4.9,喜剧 / 爱情,中国大陆,2015,15930.0,1.0
809,冲上云霄 衝上雲霄,4.5,剧情 / 爱情,中国香港/中国大陆,2015,15602.0,1.0
810,谜城,5.6,动作 / 犯罪 / 惊悚,中国大陆/中国香港,2015,14865.0,1.0
811,万物生长,5.7,喜剧 / 爱情,中国大陆,2015,14819.0,1.0
812,破风 破風,7.3,剧情 / 运动,中国香港/中国大陆,2015,14367.0,1.0
813,饥饿游戏3：嘲笑鸟(下) The Hunger Games: Mockingjay - Part 2,6.5,动作 / 科幻 / 冒险,美国,2015,14185.000000000002,0.0
814,王朝的女人·杨贵妃,3.8,爱情 / 古装,中国大陆,2015,13308.0,1.0
815,玩命速递：重启之战 The Transporter Refueled,6.1,动作 / 犯罪 / 惊悚,法国/中国大陆/比利时/摩纳哥,2015,12754.0,1.0
816,精灵旅社2 Hotel Transylvania 2,7.8,喜剧 / 动画 / 奇幻,美国/加拿大,2015,11941.0,0.0
817,明日世界 Tomorrowland,6.4,动作 / 科幻 / 冒险,美国/西班牙/法国/加拿大/英国,2015,11829.0,0.0
818,我的个神啊 PK,8.4,喜剧 / 奇幻,印度,2015,11799.0,0.0
819,不可思异,4.1,剧情 / 喜剧 / 科幻,中国大陆,2015,11162.0,1.0
820,分歧者2：绝地反击 Insurgent,6.1,动作 / 科幻 / 冒险,美国,2015,11006.0,0.0
821,爸爸的假期,4.0,喜剧 / 家庭,中国大陆,2015,10479.0,1.0
822,一代宗师 一代宗師,8.1,剧情 / 传记 / 动作 / 爱情,中国大陆/中国香港,2015,10403.0,1.0
823,超能查派 Chappie,7.4,动作 / 科幻 / 惊悚,美国/墨西哥/南非,2015,10351.0,0.0
824,绝命海拔 Everest,7.5,剧情 / 传记 / 冒险,英国/美国/冰岛,2015,10141.0,0.0
825,像素大战 Pixels,6.3,喜剧 / 动作 / 科幻,美国/中国大陆,2015,10087.0,1.0
826,帕丁顿熊 Paddington,7.8,喜剧 / 动画 / 家庭,英国/法国,2015,9967.0,0.0
827,头脑特工队 Inside Out,8.8,喜剧 / 动画 / 冒险,美国,2015,9629.0,0.0
828,一念天堂,6.1,喜剧,中国大陆,2015,8265.0,1.0
829,名侦探柯南：业火的向日葵 名探偵コナン 業火の向日葵,6.0,动画 / 悬疑 / 冒险,日本,2015,7921.0,0.0
830,消失的凶手,5.0,动作 / 犯罪 / 悬疑,中国大陆/中国香港,2015,7689.0,1.0
831,洛克王国4：出发！巨人谷,5.4,动画 / 奇幻 / 冒险,中国大陆,2015,7311.0,1.0
832,第三种爱情,5.3,爱情,中国大陆/韩国,2015,7306.0,1.0
833,一路惊喜,5.2,喜剧 / 爱情 / 家庭,中国大陆,2015,6918.0,1.0
834,喜羊羊与灰太狼之羊年喜羊羊,7.1,喜剧 / 动画 / 奇幻 / 冒险 / 家庭,中国大陆,2015,6726.0,1.0
835,有种你爱我,4.6,喜剧 / 爱情,中国大陆,2015,6720.0,1.0
836,命中注定,5.8,喜剧 / 爱情,中国大陆/中国香港/美国,2015,6653.0,1.0
837,黑猫警长之翡翠之星,5.3,喜剧 / 动作 / 科幻 / 动画,中国大陆,2015,6547.0,1.0
838,桂宝之爆笑闯宇宙,5.4,喜剧 / 科幻 / 动画,中国大陆/中国香港,2015,6371.0,1.0
839,我是路人甲,7.1,剧情 / 喜剧,中国大陆/中国香港,2015,6297.0,1.0
840,剩者为王,5.9,剧情 / 爱情,中国大陆/中国香港,2015,6135.0,1.0
841,刺客聂隐娘,7.3,剧情 / 武侠 / 古装,中国台湾/中国大陆/中国香港,2015,6082.0,1.0
842,陪安东尼度过漫长岁月,6.2,剧情 / 爱情,中国大陆,2015,5965.0,1.0
843,海绵宝宝 The SpongeBob Movie: Sponge Out of Water,7.6,喜剧 / 动画 / 冒险,美国,2015,5665.0,0.0
844,从天“儿”降,3.8,喜剧,中国大陆,2015,5635.0,1.0
845,赛尔号大电影5：雷神崛起,5.3,剧情 / 儿童 / 动画 / 冒险,中国大陆,2015,5426.0,1.0
846,恋爱中的城市,5.7,爱情,中国大陆,2015,5348.0,1.0
847,小羊肖恩 Shaun the Sheep Movie,8.4,喜剧 / 动画 / 冒险,英国/法国,2015,5129.0,0.0
848,太平轮(下)·彼岸,6.6,剧情 / 爱情 / 灾难,中国大陆/中国香港,2015,5032.0,1.0
849,杜拉拉追婚记,5.3,喜剧 / 爱情,中国大陆,2015,4935.0,1.0
850,既然青春留不住,4.7,喜剧 / 爱情,中国大陆,2015,4842.0,1.0
851,少年班,6.0,剧情 / 喜剧,中国大陆,2015,4782.0,1.0
852,华丽上班族 華麗上班族,6.0,剧情 / 喜剧 / 爱情 / 歌舞,中国香港/中国大陆,2015,4725.0,1.0
853,暗杀 ??,8.1,剧情 / 动作 / 历史 / 犯罪,韩国,2015,4696.0,0.0
854,坏蛋必须死,6.0,喜剧 / 动作 / 犯罪 / 悬疑,中国大陆/中国香港/韩国,2015,4646.0,1.0
855,魔法总动员 The House of Magic,6.8,喜剧 / 动画 / 冒险,比利时,2015,4537.0,0.0
856,猪猪侠之终极决战,5.7,喜剧 / 动画 / 冒险,中国大陆,2015,4504.0,1.0
857,暴疯语,5.9,悬疑 / 惊悚,中国大陆/中国香港,2015,4462.0,1.0
858,十月初五的月光,5.5,剧情 / 爱情,中国大陆/中国香港,2015,4258.0,1.0
859,宅女侦探桂香,4.3,喜剧 / 爱情 / 悬疑,中国大陆/中国香港/中国台湾,2015,4098.0,1.0
860,将错就错,4.0,喜剧 / 爱情,中国大陆,2015,3917.0,1.0
861,巴啦啦小魔仙之魔箭公主,5.5,奇幻 / 冒险,中国大陆,2015,3792.0,1.0
862,神探驾到 浮華宴,4.5,喜剧 / 爱情 / 悬疑 / 奇幻,中国香港/中国大陆,2015,3719.0,1.0
863,史努比：花生大电影 The Peanuts Movie,7.5,喜剧 / 动画 / 冒险,美国,2015,3643.0,0.0
864,坚不可摧 Unbroken,7.0,剧情 / 传记 / 战争 / 运动,美国,2015,3595.0,0.0
865,潜艇总动员5：时光宝盒,4.4,动画 / 冒险,中国大陆,2015,3325.0,1.0
866,新步步惊心,4.2,爱情 / 奇幻 / 古装,中国大陆,2015,3211.0,1.0
867,山河故人,8.1,剧情 / 家庭,中国大陆/法国/日本,2015,3154.0,1.0
868,土豪520,3.7,喜剧 / 爱情,中国大陆,2015,3001.0,1.0
869,兔侠之青黎传说,6.6,动作 / 动画 / 冒险,中国大陆,2015,2811.0,1.0
870,小飞侠：幻梦启航 Pan,6.1,动作 / 奇幻 / 冒险,美国/英国/澳大利亚,2015,2809.0,0.0
871,一万年以后,5.5,动作 / 动画 / 奇幻,中国大陆,2015,2770.0,1.0
872,封门诡影,4.7,悬疑 / 惊悚,中国大陆,2015,2565.0,1.0
873,功夫,8.8,动作 / 喜剧 / 犯罪 / 奇幻,中国大陆/中国香港,2015,2546.0,1.0
874,暴走神探,5.4,喜剧 / 动作 / 爱情 / 悬疑,中国大陆/中国香港,2015,2447.0,1.0
875,破坏者 Sabotage,5.7,剧情 / 动作 / 犯罪 / 惊悚,美国,2015,2433.0,0.0
876,白幽灵传奇之绝命逃亡 Outcast,4.6,动作 / 古装,中国大陆/加拿大/美国,2015,2419.0,1.0
877,贵族大盗 Mortdecai,5.4,喜剧 / 动作,美国/英国,2015,2193.0,0.0
878,可爱的你 五個小孩的校長,7.9,剧情,中国香港/中国大陆,2015,2169.0,1.0
879,张震讲故事之鬼迷心窍,3.3,悬疑 / 惊悚,中国大陆,2015,2086.0,1.0
880,冲锋车 衝鋒車,6.7,喜剧 / 犯罪,中国香港/中国大陆,2015,2079.0,1.0
881,闯堂兔2疯狂马戏团,3.8,儿童 / 喜剧 / 动画 / 冒险,中国大陆,2015,2077.0,1.0
882,谍·莲花,3.0,剧情 / 悬疑,中国大陆,2015,2046.0,1.0
883,再次出发之纽约遇见你 Begin Again,8.6,喜剧 / 爱情 / 音乐,美国,2015,2027.0,0.0
884,北京时间,5.7,剧情 / 爱情,中国大陆,2015,1913.0,1.0
885,北京纽约,4.3,剧情 / 爱情,中国大陆/英国/美国,2015,1892.0,1.0
886,一个勺子,7.7,剧情 / 喜剧,中国大陆,2015,1887.0,1.0
887,巴黎假期,5.5,喜剧 / 爱情,中国大陆/中国香港,2015,1735.0,1.0
888,美人鱼之海盗来袭,2.7,喜剧 / 动画 / 奇幻 / 冒险,中国大陆,2015,1702.0,1.0
889,美人鱼,6.7,喜剧 / 爱情 / 奇幻,中国大陆/中国香港,2016,339059.0,1.0
890,疯狂动物城 Zootopia,9.2,喜剧 / 动画 / 冒险,美国,2016,153016.0,0.0
891,魔兽 Warcraft,7.7,动作 / 奇幻 / 冒险,美国/中国大陆/加拿大/日本,2016,147194.0,1.0
892,美国队长3 Captain America: Civil War,7.9,动作 / 科幻 / 冒险,美国,2016,124601.0,0.0
893,西游记之孙悟空三打白骨精,5.6,喜剧 / 动作 / 奇幻,中国大陆/中国香港,2016,120073.00000000001,1.0
894,湄公河行动,8.0,剧情 / 动作 / 犯罪,中国大陆/中国香港,2016,118373.00000000001,1.0
895,长城 The Great Wall,4.9,动作 / 奇幻 / 冒险,中国大陆/美国,2016,117415.0,1.0
896,澳门风云3 賭城風雲III,4.4,喜剧 / 动作,中国香港/中国大陆,2016,111780.00000000001,1.0
897,功夫熊猫3 Kung Fu Panda 3,7.8,喜剧 / 动作 / 动画 / 冒险,美国/中国大陆,2016,100069.0,1.0
898,奇幻森林 The Jungle Book,7.8,剧情 / 奇幻 / 冒险,英国/美国,2016,97931.00000000001,0.0
899,绝地逃亡 Skiptrace,5.7,喜剧 / 动作,中国大陆/美国/中国香港,2016,88856.0,1.0
900,星球大战7：原力觉醒 Star Wars: The Force Awakens,7.2,动作 / 科幻 / 冒险,美国,2016,82479.0,0.0
901,从你的全世界路过,5.3,喜剧 / 爱情,中国大陆,2016,81369.0,1.0
902,X战警：天启 X-Men: Apocalypse,7.7,动作 / 科幻 / 奇幻 / 冒险,美国,2016,80267.0,0.0
903,北京遇上西雅图之不二情书,6.4,喜剧 / 爱情,中国大陆/中国香港,2016,78657.0,1.0
904,叶问3,6.7,剧情 / 传记 / 动作 / 历史,中国大陆/中国香港,2016,77020.0,1.0
905,奇异博士 Doctor Strange,7.6,动作 / 奇幻 / 冒险,美国,2016,75163.0,0.0
906,铁道飞虎,5.1,喜剧 / 动作,中国大陆,2016,69857.0,1.0
907,寒战2 寒戰II,7.1,剧情 / 动作 / 犯罪,中国大陆/中国香港,2016,67783.0,1.0
908,情圣,6.0,喜剧,中国大陆,2016,64604.0,1.0
909,惊天魔盗团2 Now You See Me 2,6.9,剧情 / 犯罪 / 悬疑,美国,2016,63881.0,0.0
910,蝙蝠侠大战超人：正义黎明 Batman v Superman: Dawn of Justice,6.9,动作 / 科幻 / 奇幻 / 冒险,美国,2016,61800.0,0.0
911,使徒行者,6.9,剧情 / 动作 / 犯罪,中国大陆/中国香港,2016,60594.0,1.0
912,神奇动物在哪里 Fantastic Beasts and Where to Find Them,7.7,剧情 / 奇幻 / 冒险,英国/美国,2016,58381.99999999999,0.0
913,你的名字。 君の名は。,8.5,剧情 / 爱情 / 动画,日本,2016,57652.0,0.0
914,大鱼海棠,7.0,剧情 / 动画 / 奇幻,中国大陆,2016,56439.0,1.0
915,愤怒的小鸟 Angry Birds,7.2,喜剧 / 动画 / 冒险,芬兰/美国,2016,51354.100000000006,0.0
916,独立日2：卷土重来 Independence Day: Resurgence,5.7,动作 / 科幻 / 冒险,美国,2016,50312.0,0.0
917,我不是潘金莲,6.7,剧情 / 喜剧,中国大陆,2016,48360.0,1.0
918,摆渡人,4.1,喜剧 / 爱情,中国大陆/中国香港,2016,48282.99999999999,1.0
919,冰川时代5：星际碰撞 Ice Age: Collision Course,7.2,喜剧 / 动画 / 冒险,美国,2016,44702.0,0.0
920,谍影重重5 Jason Bourne,7.5,动作 / 悬疑 / 惊悚,美国/中国大陆/西班牙,2016,44675.0,1.0
921,星际迷航3：超越星辰 Star Trek Beyond,7.5,动作 / 科幻 / 冒险,美国,2016,44071.0,0.0
922,血战钢锯岭 Hacksaw Ridge,8.7,剧情 / 传记 / 历史 / 战争,澳大利亚/美国,2016,42529.0,0.0
923,忍者神龟2：破影而出 Teenage Mutant Ninja Turtles: Out of the Shadows,6.5,喜剧 / 动作 / 科幻 / 冒险,美国/中国香港/中国大陆/加拿大/丹麦/德国/英国,2016,39342.0,1.0
924,爱宠大机密 The Secret Life of Pets,7.8,喜剧 / 动画,美国,2016,38842.0,0.0
925,爱丽丝梦游仙境2：镜中奇遇记 Alice Through the Looking Glass,7.0,奇幻 / 冒险,美国/英国,2016,38703.0,0.0
926,荒野猎人 The Revenant,8.0,剧情 / 动作 / 冒险,美国/中国香港/中国台湾,2016,37739.0,1.0
927,火锅英雄,7.2,剧情 / 犯罪,中国大陆,2016,37046.0,1.0
928,大话西游3,4.1,喜剧 / 爱情 / 奇幻,中国大陆/中国香港,2016,36153.0,1.0
929,伦敦陷落 London Has Fallen,6.3,动作 / 犯罪 / 惊悚,英国/美国/保加利亚,2016,33980.0,0.0
930,机械师2：复活 Mechanic: Resurrection,5.7,动作 / 犯罪,美国/法国/保加利亚/德国,2016,33824.0,0.0
931,我的特工爷爷 特工爺爺,5.5,剧情 / 动作 / 冒险,中国香港/中国大陆,2016,32122.0,1.0
932,泰山归来：险战丛林 The Legend of Tarzan,6.1,动作 / 冒险,英国/加拿大/美国/澳大利亚,2016,30578.0,0.0
933,封神传奇,2.9,剧情 / 动作 / 奇幻,中国香港/中国大陆,2016,28325.999999999996,1.0
934,微微一笑很倾城,4.9,爱情,中国大陆,2016,27548.0,1.0
935,王牌逗王牌,3.3,喜剧 / 动作 / 冒险,中国大陆/中国香港,2016,26016.0,1.0
936,海底总动员2：多莉去哪儿 Finding Dory,7.6,喜剧 / 动画 / 冒险,美国,2016,25413.0,0.0
937,海洋奇缘 Moana,7.5,动画 / 奇幻 / 冒险 / 歌舞,美国,2016,22655.0,0.0
938,赏金猎人,5.2,剧情 / 喜剧 / 动作,中国大陆/韩国/中国香港,2016,21223.0,1.0
939,反贪风暴2 S風暴,5.9,剧情 / 犯罪,中国大陆/中国香港,2016,20879.0,1.0
940,陆垚知马俐,5.6,喜剧 / 爱情,中国大陆,2016,19163.0,1.0
941,谁的青春不迷茫,6.7,爱情,中国大陆,2016,17969.0,1.0
942,最后的巫师猎人 The Last Witch Hunter,5.9,动作 / 奇幻 / 冒险,美国,2016,17967.0,0.0
943,驴得水,8.3,剧情 / 喜剧,中国大陆,2016,17282.0,1.0
944,危城,6.0,剧情 / 动作 / 犯罪 / 武侠 / 古装,中国大陆/中国香港,2016,16705.0,1.0
945,七月与安生,7.5,剧情 / 爱情,中国大陆/中国香港,2016,16668.0,1.0
946,"比利·林恩的中场战事 Billy Lynn&#39,s Long Halftime Walk",8.3,剧情 / 战争,美国/英国/中国大陆,2016,16471.0,1.0
947,神探夏洛克：可恶的新娘 Sherlock: The Abominable Bride,7.2,剧情 / 犯罪 / 悬疑,英国,2016,16099.000000000002,0.0
948,圆梦巨人 The BFG,6.8,奇幻 / 冒险,美国/英国,2016,14239.0,0.0
949,追凶者也,7.9,剧情 / 喜剧 / 犯罪,中国大陆,2016,13574.0,1.0
950,但丁密码 Inferno,6.2,剧情 / 动作 / 犯罪 / 悬疑 / 惊悚 / 冒险,美国/匈牙利,2016,13413.0,0.0
951,高跟鞋先生,5.0,喜剧 / 爱情,中国大陆,2016,12970.0,1.0
952,28岁未成年,5.7,喜剧 / 爱情 / 奇幻,中国大陆,2016,12869.0,1.0
953,极限挑战之皇家宝藏,4.7,喜剧 / 悬疑,中国大陆,2016,12528.0,1.0
954,睡在我上铺的兄弟,5.6,剧情 / 爱情,中国大陆,2016,12472.0,1.0
955,罗曼蒂克消亡史,7.7,剧情,中国大陆/中国香港,2016,12236.0,1.0
956,分歧者3：忠诚世界 The Divergent Series: Allegiant,6.0,动作 / 科幻 / 冒险,美国,2016,12140.0,0.0
957,"佩小姐的奇幻城堡 Miss Peregrine&#39,s Home for Peculiar Children",7.2,剧情 / 奇幻 / 冒险,美国,2016,11657.0,0.0
958,惊天破,3.9,剧情 / 动作 / 犯罪 / 悬疑,中国大陆/中国香港,2016,11393.0,1.0
959,航海王之黄金城 ONE PIECE FILM GOLD,7.6,剧情 / 动作 / 动画 / 冒险,日本,2016,10702.0,0.0
960,"猎神：冬日之战 The Huntsman: Winter&#39,s War",5.6,动作 / 奇幻 / 冒险,美国,2016,10623.0,0.0
961,超脑48小时 Criminal,6.6,剧情 / 动作 / 犯罪 / 悬疑 / 惊悚,英国/美国,2016,10348.0,0.0
962,哆啦A梦：新·大雄的日本诞生 ドラえもん 新?のび太の日本誕生,7.3,动画,日本,2016,10325.0,0.0
963,火影忍者剧场版：博人传 BORUTO -NARUTO THE MOVIE-,8.3,动作 / 动画 / 冒险,日本,2016,10310.0,0.0
964,鲨滩 The Shallows,7.1,惊悚 / 冒险,美国,2016,10130.999999999998,0.0
965,三人行,5.9,剧情 / 动作 / 犯罪,中国大陆/中国香港,2016,10008.0,1.0
966,三少爷的剑,4.8,剧情 / 动作 / 武侠 / 古装,中国大陆,2016,9661.0,1.0
967,云中行走 The Walk,7.6,剧情 / 传记 / 冒险,美国,2016,9052.0,0.0
968,新大头儿子和小头爸爸2一日成才,4.9,喜剧 / 动画 / 家庭,中国大陆,2016,9000.0,1.0
969,魔宫魅影,4.7,剧情 / 爱情 / 惊悚,中国大陆/中国香港,2016,8842.0,1.0
970,百鸟朝凤,8.3,剧情 / 音乐,中国大陆,2016,8531.0,1.0
971,所以……和黑粉结婚了,5.1,喜剧 / 爱情,中国大陆/韩国,2016,8093.0,1.0
972,梦想合伙人,4.4,剧情 / 爱情,中国大陆,2016,8092.0,1.0
973,小门神,6.9,喜剧 / 动画 / 奇幻,中国大陆,2016,7822.0,1.0
974,惊天大逆转,6.9,剧情 / 犯罪 / 悬疑,中国大陆,2016,7798.0,1.0
975,逗鸟外传：萌宝满天飞 Storks,7.5,喜剧 / 动画 / 奇幻 / 冒险,美国,2016,7732.0,0.0
976,深海浩劫 Deepwater Horizon,7.0,剧情 / 冒险 / 灾难,美国/中国香港,2016,7246.0,1.0
977,捉迷藏,5.4,犯罪 / 悬疑 / 惊悚,中国大陆,2016,7093.0,1.0
978,我们诞生在中国 Born in China,8.1,剧情 / 纪录片,美国/英国/中国大陆,2016,6556.0,1.0
979,神秘世界历险记3,6.5,动画 / 奇幻 / 冒险,中国大陆,2016,6444.0,1.0
980,消失爱人,5.1,爱情 / 悬疑,中国大陆,2016,6375.0,1.0
981,女汉子真爱公式,5.7,喜剧 / 爱情,中国大陆,2016,6329.0,1.0
982,鼠来宝4：萌在囧途 Alvin and the Chipmunks: The Road Chip,7.2,喜剧 / 动画 / 奇幻 / 冒险 / 音乐,美国,2016,6139.0,0.0
983,侠探杰克：永不回头 Jack Reacher: Never Go Back,5.9,动作 / 犯罪,中国大陆/美国,2016,6099.0,1.0
984,超级快递,4.5,喜剧 / 动作,中国大陆/韩国/法国,2016,6021.0,1.0
985,外公芳龄38,4.2,剧情 / 喜剧,中国大陆/韩国,2016,6012.0,1.0
986,他是龙 Он - дракон,7.6,爱情 / 奇幻 / 冒险,俄罗斯,2016,6002.0,0.0
987,萨利机长 Sully,8.3,剧情 / 传记,美国,2016,5649.0,0.0
988,魔发精灵 Trolls,7.0,动画 / 奇幻 / 冒险 / 歌舞,美国,2016,5443.0,0.0
989,过年好,5.4,喜剧,中国大陆,2016,5306.0,1.0
990,快手枪手快枪手,5.3,喜剧 / 动作,中国大陆,2016,5235.0,1.0
991,鲁滨逊漂流记 Robinson Crusoe,5.7,喜剧 / 动画 / 冒险,比利时/法国,2016,4919.0,0.0
992,寄生兽 寄生獣,7.4,剧情 / 动作 / 科幻 / 恐怖,日本,2016,4791.0,0.0
993,奔爱,4.0,剧情 / 爱情,中国大陆,2016,4740.0,1.0
994,我们的十年,6.0,剧情 / 爱情,中国大陆,2016,4367.0,1.0
995,冰河追凶,5.8,动作 / 犯罪 / 悬疑,中国大陆,2016,4308.0,1.0
996,真相禁区,4.5,犯罪 / 悬疑,中国大陆,2016,4186.0,1.0
997,摇滚藏獒,6.9,动画 / 音乐,中国大陆/美国/中国香港,2016,3804.0,1.0
998,圣斗士星矢：圣域传说 聖闘士星矢 Legend of Sanctuary,6.4,动画,日本,2016,3782.0,0.0
999,垫底辣妹 ビリギャル,8.3,剧情 / 家庭,日本,2016,3748.0,0.0
1000,我最好朋友的婚礼,4.4,喜剧 / 爱情,中国大陆/美国,2016,3717.0,1.0
1001,冲天火,3.5,动作 / 悬疑,中国大陆,2016,3604.0,1.0
1002,我的战争,5.1,剧情 / 历史 / 战争,中国大陆,2016,3592.0,1.0
1003,天亮之前,5.9,爱情,中国大陆/中国香港/中国台湾,2016,3569.0,1.0
1004,幻体：续命游戏 Self/less,6.5,科幻 / 悬疑 / 惊悚,美国,2016,3547.0,0.0
1005,末日迷踪 Left Behind,4.3,动作 / 科幻 / 惊悚,美国/加拿大,2016,3500.0,0.0
1006,蒸发太平洋 Lost in the Pacific,3.2,剧情 / 科幻 / 冒险,中国大陆/美国,2016,3481.0,1.0
1007,通灵神探 Solace,6.5,科幻 / 犯罪 / 悬疑 / 惊悚,美国,2016,3466.0,0.0
1008,那年夏天你去了哪里,4.7,悬疑,中国大陆/中国香港,2016,3432.0,1.0
1009,我的新野蛮女友 ???? ?? 2,3.8,喜剧 / 爱情,韩国/中国大陆,2016,3414.0,1.0
1010,夜孔雀,4.9,剧情 / 爱情,中国大陆/法国,2016,3309.0,1.0
1011,大唐玄奘,5.4,历史,中国大陆,2016,3277.0,1.0
1012,年兽大作战,6.0,喜剧 / 动画 / 奇幻,中国大陆,2016,3254.0,1.0
1013,勇士,5.2,动作 / 历史 / 战争,中国大陆,2016,3194.0,1.0
1014,名侦探柯南：纯黑的恶梦 名探偵コナン 純黒の悪夢,6.1,动画 / 悬疑,日本,2016,3097.0,0.0
1015,刑警兄弟 神獸巴打,5.4,喜剧 / 动作,中国香港/中国大陆,2016,3025.0,1.0
1016,火海凌云 Экипаж,7.7,剧情 / 动作 / 冒险 / 灾难,俄罗斯,2016,3024.0,0.0
1017,间谍同盟 Allied,7.0,剧情 / 动作 / 爱情 / 战争 / 惊悚,英国/美国,2016,3014.0,0.0
1018,谍影特工 The November Man,6.5,动作 / 惊悚,美国/英国,2016,2934.0,0.0
1019,那件疯狂的小事叫爱情,4.1,喜剧 / 爱情,中国大陆,2016,2867.0,1.0
1020,恶人报喜 惡人谷,5.0,喜剧,中国香港/中国大陆,2016,2742.0,1.0
1021,一切都好,6.5,剧情 / 家庭,中国大陆,2016,2472.0,1.0
1022,地心营救 The 33,7.5,剧情 / 传记 / 历史,美国/智利,2016,2335.0,0.0
1023,勇士之门,3.5,奇幻 / 冒险,中国大陆/法国,2016,2269.0,1.0
1024,蜡笔小新：梦境世界大突击 クレヨンしんちゃん 爆睡!ユメミーワールド大突撃,7.3,喜剧 / 动画,日本,2016,2234.0,0.0
1025,冒牌卧底,4.0,喜剧 / 犯罪 / 冒险,中国大陆,2016,2118.0,1.0
1026,暗杀游戏 Мафия: Игра на выживание,3.7,动作 / 科幻 / 惊悚,俄罗斯,2016,2102.0,0.0
1027,一句顶一万句,6.3,剧情 / 爱情 / 家庭,中国大陆/中国香港,2016,2083.0,1.0
1028,战狼2,7.1,动作 / 战争,中国大陆,2017,567647.0,1.0
1029,速度与激情8 The Fate of the Furious,7.1,动作 / 犯罪,中国大陆/美国/日本,2017,267078.0,1.0
1030,羞羞的铁拳,6.8,喜剧 / 奇幻,中国大陆,2017,220032.0,1.0
1031,前任3：再见前任,5.6,喜剧 / 爱情,中国大陆,2017,194030.99999999997,1.0
1032,功夫瑜伽,5.0,喜剧 / 动作 / 冒险,中国大陆/印度,2017,175331.0,1.0
1033,变形金刚5：最后的骑士 Transformers: The Last Knight,4.9,动作 / 科幻,美国/中国大陆/加拿大/墨西哥,2017,155124.0,1.0
1034,芳华,7.7,剧情 / 历史 / 战争,中国大陆,2017,142234.0,1.0
1035,摔跤吧！爸爸 Dangal,9.0,剧情 / 传记 / 运动 / 家庭,印度,2017,129907.0,0.0
1036,寻梦环游记 Coco,9.1,喜剧 / 动画 / 奇幻 / 音乐,美国,2017,121161.99999999999,0.0
1037,加勒比海盗5：死无对证 Pirates of the Caribbean: Dead Men Tell No Tales,7.2,动作 / 奇幻 / 冒险,美国,2017,117990.0,0.0
1038,金刚：骷髅岛 Kong: Skull Island,6.5,动作 / 奇幻 / 冒险,美国/中国大陆,2017,114965.0,1.0
1039,生化危机：终章 Resident Evil: The Final Chapter,6.5,动作 / 科幻 / 恐怖,美国/德国/法国/加拿大/南非/澳大利亚/英国/日本/中国大陆,2017,111235.0,1.0
1040,乘风破浪,6.8,剧情 / 喜剧,中国大陆,2017,104913.00000000001,1.0
1041,神偷奶爸3 Despicable Me 3,6.8,喜剧 / 动画 / 冒险,美国,2017,103672.0,0.0
1042,蜘蛛侠：英雄归来 Spider-Man: Homecoming,7.3,动作 / 科幻 / 冒险,美国,2017,77413.0,0.0
1043,雷神3：诸神黄昏 Thor: Ragnarok,7.4,动作 / 奇幻 / 冒险,美国,2017,74302.0,0.0
1044,猩球崛起3：终极之战 War for the Planet of the Apes,6.9,剧情 / 动作 / 科幻,美国,2017,73978.0,0.0
1045,大闹天竺,3.7,喜剧 / 动作 / 冒险,中国大陆,2017,73228.0,1.0
1046,悟空传,5.1,剧情 / 动作 / 奇幻,中国大陆,2017,69649.0,1.0
1047,正义联盟 Justice League,6.3,动作 / 科幻 / 奇幻 / 冒险,美国,2017,68990.0,0.0
1048,银河护卫队2 Guardians of the Galaxy Vol. 2,8.0,动作 / 科幻 / 冒险,美国,2017,68521.0,0.0
1049,新木乃伊 The Mummy,4.8,动作 / 奇幻 / 冒险,美国/中国大陆/日本,2017,62560.0,1.0
1050,"一条狗的使命 A Dog&#39,s Purpose",7.7,剧情 / 喜剧 / 家庭,美国,2017,60781.0,0.0
1051,神奇女侠 Wonder Woman,7.1,动作 / 奇幻 / 冒险,美国/中国大陆/中国香港,2017,59988.0,1.0
1052,美女与野兽 Beauty and the Beast,7.1,爱情 / 奇幻 / 歌舞,美国,2017,59177.0,0.0
1053,追龙 追龍,7.2,动作 / 犯罪,中国香港/中国大陆,2017,57321.0,1.0
1054,英伦对决 The Foreigner,7.0,动作 / 犯罪,英国/中国大陆/美国,2017,53555.0,1.0
1055,三生三世十里桃花,4.0,爱情 / 奇幻,中国大陆,2017,53440.0,1.0
1056,妖猫传,6.9,剧情 / 悬疑 / 奇幻 / 古装,中国大陆/日本,2017,52944.00000000001,1.0
1057,熊出没·奇幻空间,6.4,儿童 / 动画,中国大陆,2017,52278.0,1.0
1058,杀破狼·贪狼 殺破狼?貪狼,7.0,剧情 / 动作,中国香港/中国大陆,2017,52126.0,1.0
1059,星球大战外传：侠盗一号 Rogue One: A Star Wars Story,7.3,动作 / 科幻 / 冒险,美国,2017,47833.0,0.0
1060,王牌特工2：黄金圈 Kingsman: The Golden Circle,6.8,喜剧 / 动作 / 冒险,英国/美国,2017,47238.0,0.0
1061,缝纫机乐队,6.6,喜剧 / 音乐,中国大陆,2017,45433.0,1.0
1062,全球风暴 Geostorm,5.9,动作 / 科幻 / 灾难,美国,2017,43215.0,0.0
1063,星际特工：千星之城 Valérian and the City of a Thousand Planets,6.9,动作 / 科幻 / 冒险,法国/中国大陆/比利时/德国/阿联酋/美国/加拿大/新西兰/新加坡/英国/泰国,2017,40888.0,1.0
1064,建军大业,6.3,剧情 / 犯罪 / 悬疑,中国大陆,2017,39800.0,1.0
1065,拆弹专家,6.2,动作 / 犯罪 / 悬疑,中国大陆/中国香港,2017,39108.0,1.0
1066,妖铃铃,4.2,喜剧 / 惊悚,中国大陆,2017,36191.0,1.0
1067,敦刻尔克 Dunkirk,8.4,剧情 / 历史 / 战争,英国/法国/美国/荷兰,2017,33960.0,0.0
1068,空天猎,5.0,剧情 / 动作 / 战争,中国大陆,2017,31692.999999999996,1.0
1069,异形：契约 Alien: Covenant,7.4,科幻 / 恐怖,美国,2017,30519.0,0.0
1070,机器之血,4.6,剧情 / 动作 / 科幻,中国大陆,2017,30511.0,1.0
1071,心理罪,4.9,动作 / 犯罪 / 悬疑,中国大陆,2017,30304.000000000004,1.0
1072,奇门遁甲,4.4,动作 / 奇幻,中国大陆/中国香港,2017,29937.0,1.0
1073,二代妖精之今生有幸,5.5,喜剧 / 爱情 / 奇幻,中国大陆,2017,29168.0,1.0
1074,记忆大师,7.1,悬疑 / 惊悚,中国大陆,2017,29078.0,1.0
1075,太空旅客 Passengers,6.9,冒险 / 科幻,美国,2017,28393.0,0.0
1076,天才枪手 ????????????,8.2,剧情 / 犯罪 / 悬疑,泰国,2017,26995.0,0.0
1077,绣春刀II：修罗战场,7.2,剧情 / 动作 / 武侠 / 古装,中国大陆,2017,26401.0,1.0
1078,爱乐之城 La La Land,8.4,剧情 / 爱情 / 歌舞,美国,2017,24775.0,0.0
1079,侠盗联盟 俠盜聯盟,5.2,动作 / 冒险,中国大陆/中国香港/捷克,2017,23556.0,1.0
1080,东方快车谋杀案 Murder on the Orient Express,6.8,剧情 / 犯罪 / 悬疑,马耳他/美国,2017,22796.0,0.0
1081,心理罪之城市之光,5.9,动作 / 犯罪 / 悬疑,中国大陆/中国香港,2017,22344.0,1.0
1082,解忧杂货店,5.0,剧情 / 奇幻,中国大陆,2017,22237.0,1.0
1083,欢乐好声音 Sing,8.1,喜剧 / 动画 / 歌舞,美国,2017,21610.999999999996,0.0
1084,京城81号2 京城81号Ⅱ,3.7,剧情 / 悬疑 / 惊悚,中国大陆,2017,21519.0,1.0
1085,喜欢你,6.7,喜剧 / 爱情,中国大陆/中国香港,2017,20877.0,1.0
1086,帕丁顿熊2 Paddington 2,8.0,喜剧 / 动画 / 家庭,英国/法国/美国,2017,20598.0,0.0
1087,逆时营救,4.7,动作 / 科幻,中国大陆,2017,20109.0,1.0
1088,攻壳机动队 Ghost in the Shell,6.4,动作 / 科幻 / 犯罪,美国/印度/中国香港/中国大陆/加拿大,2017,20099.999999999996,1.0
1089,大话西游之大圣娶亲 西遊記大結局之仙履奇緣,9.2,喜剧 / 爱情 / 奇幻 / 古装,中国香港/中国大陆,2017,18951.0,1.0
1090,春娇救志明 春嬌救志明,7.0,剧情 / 喜剧 / 爱情,中国香港/中国大陆,2017,17207.0,1.0
1091,看不见的客人 Contratiempo,8.8,剧情 / 犯罪 / 悬疑 / 惊悚,西班牙,2017,17146.0,0.0
1092,蓝精灵：寻找神秘村 Smurfs: The Lost Village,6.2,喜剧 / 动画 / 奇幻 / 冒险,美国,2017,17092.0,0.0
1093,二十二,8.7,纪录片,中国大陆,2017,16936.0,1.0
1094,"刺客信条 Assassin&#39,s Creed",5.3,动作 / 历史 / 科幻 / 冒险,美国/法国/英国/中国香港/中国台湾/马耳他/西班牙/加拿大,2017,16104.0,1.0
1095,非凡任务,6.2,剧情 / 动作 / 犯罪,中国大陆,2017,15547.0,1.0
1096,哆啦A梦：大雄的南极冰冰凉大冒险 ドラえもん のび太の南極カチコチ大冒険,6.5,动画 / 冒险,日本,2017,14313.0,0.0
1097,"王牌保镖 The Hitman&#39,s Bodyguard",7.2,喜剧 / 动作 / 犯罪,美国/中国香港/保加利亚/荷兰/加拿大/英国/法国,2017,13916.0,1.0
1098,赛车总动员3：极速挑战 Cars 3,7.0,喜剧 / 动画 / 冒险,美国,2017,13660.000000000002,0.0
1099,十万个冷笑话2,7.3,喜剧 / 动画 / 奇幻,中国大陆,2017,13311.0,1.0
1100,异星觉醒 Life,6.5,科幻 / 惊悚 / 恐怖,英国/美国,2017,12760.0,0.0
1101,父子雄兵,4.6,喜剧,中国大陆,2017,12460.0,1.0
1102,傲娇与偏见,4.7,喜剧 / 爱情,中国大陆,2017,12375.0,1.0
1103,决战食神,4.6,剧情 / 动作,中国大陆/中国香港,2017,11758.0,1.0
1104,大卫贝肯之倒霉特工熊,4.5,喜剧 / 动画 / 冒险 / 家庭,中国大陆,2017,11575.0,1.0
1105,鲛珠传,4.2,喜剧 / 动作 / 爱情 / 奇幻,中国大陆/中国香港,2017,11307.0,1.0
1106,降临 Arrival,7.8,剧情 / 科幻,美国/加拿大,2017,10886.0,0.0
1107,极盗车神 Baby Driver,7.1,动作 / 犯罪 / 音乐,英国/美国,2017,10835.999999999998,0.0
1108,十八洞村,6.8,剧情,中国大陆,2017,10596.000000000002,1.0
1109,追捕,4.5,剧情 / 动作 / 犯罪 / 悬疑,中国香港/中国大陆,2017,10568.0,1.0
1110,七十七天,6.4,剧情 / 冒险,中国大陆,2017,10359.0,1.0
1111,东北往事之破马张飞,3.5,喜剧 / 动作,中国大陆,2017,10304.0,1.0
1112,游戏规则,4.1,剧情 / 动作,中国大陆,2017,10304.0,1.0
1113,冈仁波齐,7.7,剧情,中国大陆,2017,9927.0,1.0
1114,绝世高手,5.9,喜剧,中国大陆,2017,9740.0,1.0
1115,绑架者,4.8,动作 / 犯罪,中国大陆/中国台湾/中国香港,2017,9527.0,1.0
1116,赛尔号大电影6：圣者无敌,4.9,儿童 / 动画 / 奇幻 / 冒险,中国大陆,2017,9376.0,1.0
1117,降魔传,2.9,喜剧 / 奇幻,中国大陆,2017,9011.0,1.0
1118,大护法,7.8,喜剧 / 动画 / 奇幻 / 冒险,中国大陆,2017,8719.0,1.0
1119,银魂 銀魂,6.9,喜剧 / 动作 / 奇幻 / 冒险,日本,2017,8100.0,0.0
1120,密战,4.3,剧情 / 动作 / 战争,中国大陆,2017,7881.0,1.0
1121,烟花 打ち上げ花火、下から見るか？横から見るか？,5.5,剧情 / 动画,日本,2017,7819.0,0.0
1122,银翼杀手2049 Blade Runner 2049,8.3,剧情 / 动作 / 科幻,美国/英国/加拿大/匈牙利,2017,7601.0,0.0
1123,原谅他77次 原諒他77次,6.4,爱情,中国香港/中国大陆,2017,7505.0,1.0
1124,血战湘江,5.0,喜剧 / 奇幻,中国大陆,2017,6938.0,1.0
1125,至爱梵高·星空之谜 Loving Vincent,8.5,剧情 / 传记 / 动画,英国/波兰,2017,6788.0,0.0
1126,狂兽 狂獸,4.9,剧情 / 动作 / 犯罪,中国香港/中国大陆,2017,6700.0,1.0
1127,欢乐喜剧人,2.6,喜剧,中国大陆,2017,6700.0,1.0
1128,破·局,6.1,动作 / 犯罪,中国大陆,2017,6431.0,1.0
1129,闪光少女,7.2,喜剧 / 音乐,中国大陆,2017,6422.0,1.0
1130,荡寇风云,6.0,传记 / 动作 / 历史 / 战争 / 古装,中国大陆/中国香港,2017,6292.0,1.0
1131,明月几时有,6.9,剧情 / 历史 / 战争,中国大陆/中国香港,2017,6264.0,1.0
1132,疯岳撬佳人,3.3,喜剧 / 爱情,中国大陆,2017,6089.0,1.0
1133,龙之战,6.4,动作 / 历史 / 战争,中国大陆,2017,5966.0,1.0
1134,合约男女,4.3,喜剧 / 爱情,中国大陆,2017,5696.0,1.0
1135,巨额来电,5.6,剧情 / 犯罪,中国大陆/中国香港,2017,5558.0,1.0
1136,亚瑟王：斗兽争霸 King Arthur: Legend of the Sword,6.9,动作 / 奇幻 / 冒险,英国/美国/澳大利亚,2017,5470.0,0.0
1137,这就是命,4.2,喜剧 / 犯罪,中国大陆,2017,5424.0,1.0
1138,我的爸爸是森林之王 The Son of Bigfoot,6.2,喜剧 / 动画 / 冒险,法国/比利时,2017,5409.0,0.0
1139,刀剑神域：序列之争 劇場版 ソードアート?オンライン -オーディナル?スケール-,7.0,科幻 / 动画 / 冒险,日本,2017,5382.0,0.0
1140,昆塔：反转星球,6.2,动画,中国大陆,2017,5033.0,1.0
1141,引爆者,6.3,动作 / 犯罪,中国大陆,2017,4856.0,1.0
1142,常在你左右,5.0,犯罪 / 悬疑,中国香港/中国大陆,2017,4462.0,1.0
1143,喵星人,4.4,儿童 / 喜剧 / 奇幻,中国香港/中国大陆,2017,4456.0,1.0
1144,猪猪侠之英雄猪少年,4.9,喜剧 / 动画 / 奇幻,中国大陆,2017,4418.0,1.0
1145,声之形 聲の形,6.8,剧情 / 爱情 / 动画,日本,2017,4412.0,0.0
1146,冰雪大作战 Snowtime!,6.0,喜剧 / 动画 / 家庭,加拿大,2017,4285.0,0.0
1147,乐高蝙蝠侠大电影 The Lego Batman Movie,8.0,喜剧 / 动作 / 动画 / 冒险,美国/丹麦/澳大利亚,2017,4192.0,0.0
1148,大耳朵图图之美食狂想曲,6.1,喜剧 / 动画 / 冒险,中国大陆,2017,4129.0,1.0
1149,钢铁飞龙之再见奥特曼,2.6,动作 / 科幻 / 动画,中国大陆,2017,4029.0,1.0
1150,李雷和韩梅梅,3.7,剧情 / 喜剧 / 爱情,中国大陆,2017,4008.0,1.0
1151,毒。诫 毒。誡,4.9,剧情 / 动作 / 犯罪,中国大陆/中国香港,2017,3949.0,1.0
1152,了不起的菲丽西 Ballerina,6.5,喜剧 / 动画 / 冒险 / 歌舞,法国/加拿大,2017,3913.0,0.0
1153,鲨海 47 Meters Down,5.6,惊悚 / 冒险,英国,2017,3862.0,0.0
1154,有完没完,5.3,剧情 / 喜剧,中国大陆,2017,3724.0,1.0
1155,至暗时刻 Darkest Hour,8.5,剧情 / 传记 / 历史 / 战争,英国/美国,2017,3672.0,0.0
1156,黑白迷宫,4.7,剧情 / 动作 / 犯罪,中国大陆/中国香港,2017,3238.0,1.0
1157,麻烦家族,4.5,喜剧 / 家庭,中国大陆,2017,3176.0,1.0
1158,英雄本色,8.6,剧情 / 动作 / 犯罪,中国香港,2017,3166.0,1.0
1159,青禾男高,3.9,剧情,中国大陆/中国台湾,2017,3017.0,1.0
1160,阿唐奇遇,7.0,动画 / 奇幻 / 冒险,中国大陆,2017,2993.0,1.0
1161,超凡战队 Power Rangers,4.5,动作 / 科幻 / 冒险,美国/中国香港/加拿大,2017,2938.0,1.0
1162,玩偶奇兵,4.7,动画 / 奇幻 / 冒险,中国大陆,2017,2906.0,1.0
1163,最终幻想15：王者之剑 Kingsglaive Final Fantasy XV,7.2,剧情 / 科幻 / 动画 / 奇幻 / 冒险,日本/美国,2017,2871.0,0.0
1164,烽火芳菲,5.7,剧情 / 爱情 / 战争,中国大陆/丹麦,2017,2746.0,1.0
1165,暴雪将至,7.0,剧情 / 犯罪 / 悬疑,中国大陆,2017,2671.0,1.0
1166,“吃吃”的爱,5.2,喜剧 / 爱情 / 奇幻,中国大陆/中国香港/中国台湾,2017,2631.0,1.0
1167,二次初恋,4.2,喜剧 / 爱情 / 奇幻,中国大陆,2017,2565.0,1.0
1168,"精灵宝可梦：波尔凯尼恩与机巧的玛机雅娜 ポケモン?ザ?ムービーXY&amp,Z ボルケニオンと機巧のマギアナ",6.1,动画 / 奇幻 / 冒险,日本,2017,2445.0,0.0
1169,重返·狼群,8.3,纪录片,中国大陆,2017,2370.0,1.0
1170,天生不对,4.0,喜剧 / 爱情,中国大陆,2017,2300.0,1.0
1171,红海行动,8.2,动作 / 战争,中国大陆/中国香港,2018,364724.99999999994,1.0
1172,唐人街探案2,6.6,喜剧 / 动作 / 悬疑,中国大陆,2018,339654.0,1.0
1173,我不是药神,9.0,剧情 / 喜剧,中国大陆,2018,309630.0,1.0
1174,西虹市首富,6.6,喜剧,中国大陆,2018,254441.0,1.0
1175,复仇者联盟3：无限战争 Avengers: Infinity War,8.1,动作 / 科幻 / 奇幻 / 冒险,美国,2018,239030.0,0.0
1176,捉妖记2,4.9,喜剧 / 动作 / 奇幻 / 古装,中国大陆/中国香港,2018,223415.0,1.0
1177,毒液：致命守护者 Venom,7.2,动作 / 科幻 / 惊悚,美国/中国大陆,2018,186901.0,1.0
1178,侏罗纪世界2 Jurassic World: Fallen Kingdom,6.6,动作 / 科幻 / 冒险,美国,2018,169547.0,0.0
1179,头号玩家 Ready Player One,8.7,动作 / 科幻 / 冒险,美国,2018,139428.0,0.0
1180,后来的我们,5.9,剧情 / 爱情,中国大陆,2018,136071.0,1.0
1181,一出好戏,7.1,剧情 / 喜剧,中国大陆,2018,135082.0,1.0
1182,无双 無雙,8.0,剧情 / 动作 / 犯罪 / 悬疑,中国大陆/中国香港,2018,127171.0,1.0
1183,碟中谍6：全面瓦解 Mission: Impossible - Fallout,8.1,动作 / 惊悚 / 冒险,美国/中国大陆/法国/挪威/英国,2018,124202.0,1.0
1184,巨齿鲨 The Meg,5.7,动作 / 科幻 / 惊悚,美国/中国大陆/中国香港,2018,104755.0,1.0
1185,狂暴巨兽 Rampage,6.3,动作 / 科幻 / 冒险,美国,2018,100324.00000000001,0.0
1186,超时空同居,6.8,喜剧 / 爱情 / 奇幻,中国大陆,2018,89955.0,1.0
1187,蚁人2：黄蜂女现身 Ant-Man and the Wasp,7.3,动作 / 科幻 / 冒险,美国,2018,82926.0,0.0
1188,无名之辈,8.0,剧情 / 喜剧,中国大陆,2018,79395.0,1.0
1189,无问西东,7.5,剧情 / 爱情 / 战争,中国大陆,2018,75373.0,1.0
1190,神秘巨星 Secret Superstar,7.7,剧情 / 音乐,印度,2018,74658.0,0.0
1191,西游记女儿国,4.4,喜剧 / 爱情 / 奇幻,中国大陆/中国香港,2018,72743.0,1.0
1192,摩天营救 Skyscraper,6.3,动作 / 惊悚 / 冒险,中国香港/美国,2018,66940.0,1.0
1193,黑豹 Black Panther,6.5,动作 / 科幻 / 冒险,美国/南非,2018,66227.0,0.0
1194,环太平洋：雷霆再起 Pacific Rim: Uprising,5.4,动作 / 科幻 / 冒险,英国/中国大陆/日本/美国/墨西哥,2018,63083.0,1.0
1195,来电狂响,5.7,剧情 / 喜剧,中国大陆,2018,62946.0,1.0
1196,影,7.2,剧情 / 动作 / 武侠 / 古装,中国大陆/中国香港,2018,62810.0,1.0
1197,狄仁杰之四大天王,6.1,动作 / 悬疑 / 奇幻 / 武侠 / 古装,中国大陆/中国香港,2018,60629.0,1.0
1198,李茶的姑妈,4.6,喜剧,中国大陆,2018,60343.0,1.0
1199,邪不压正,7.0,剧情 / 喜剧 / 动作,中国大陆,2018,58347.0,1.0
1200,爱情公寓,3.2,喜剧 / 冒险,中国大陆,2018,55420.0,1.0
1201,动物世界,7.2,剧情 / 动作 / 冒险,中国大陆,2018,50891.0,1.0
1202,古墓丽影：源起之战 Tomb Raider,6.0,动作 / 冒险,美国,2018,49676.0,0.0
1203,勇敢者游戏：决战丛林 Jumanji: Welcome to the Jungle,6.8,喜剧 / 动作 / 奇幻 / 冒险,美国/印度/加拿大/英国/澳大利亚/德国,2018,49163.0,0.0
1204,厉害了，我的国,5.7,剧情 / 动作 / 犯罪,中国香港,2018,44075.0,1.0
1205,蜘蛛侠：平行宇宙 Spider-Man: Into the Spider-Verse,8.6,动作 / 科幻 / 动画 / 冒险,美国,2018,42086.0,0.0
1206,神奇动物：格林德沃之罪 Fantastic Beasts: The Crimes of Grindelwald,7.0,奇幻 / 冒险,美国/英国,2018,39889.0,0.0
1207,快把我哥带走,6.8,喜剧 / 奇幻,中国大陆,2018,37334.0,1.0
1208,幕后玩家,5.6,剧情 / 犯罪 / 悬疑,中国大陆,2018,35841.0,1.0
1209,悲伤逆流成河,5.8,剧情 / 爱情,中国大陆,2018,35460.0,1.0
1210,超人总动员2 Incredibles 2,7.8,喜剧 / 动作 / 动画 / 冒险,美国,2018,35377.0,0.0
1211,黄金兄弟,5.0,动作 / 犯罪,中国大陆,2018,31520.0,1.0
1212,移动迷宫3：死亡解药 Maze Runner: The Death Cure,5.3,动作 / 科幻 / 冒险,美国,2018,31509.999999999996,0.0
1213,小萝莉的猴神大叔 Bajrangi Bhaijaan,8.4,剧情 / 喜剧 / 动作,印度,2018,28543.0,0.0
1214,找到你,7.3,剧情 / 家庭,中国大陆,2018,28445.0,1.0
1215,地球最后的夜晚,6.9,剧情 / 爱情 / 悬疑,中国大陆/法国,2018,28104.0,1.0
1216,无敌破坏王2：大闹互联网 Ralph Breaks the Internet,8.0,喜剧 / 动画 / 奇幻 / 冒险,美国,2018,27069.0,0.0
1217,星球大战8：最后的绝地武士 Star Wars: The Last Jedi,7.1,动作 / 科幻 / 冒险,美国,2018,26710.0,0.0
1218,胖子行动队,4.2,喜剧 / 动作,中国大陆,2018,26025.0,1.0
1219,南极之恋,6.6,爱情 / 冒险,中国大陆,2018,23400.0,1.0
1220,精灵旅社3：疯狂假期 Hotel Transylvania 3: Summer Vacation,6.6,喜剧 / 动画 / 奇幻,美国/韩国,2018,22070.0,0.0
1221,寂静之地 A Quiet Place,6.3,惊悚 / 恐怖,美国,2018,22002.0,0.0
1222,铁血战士 The Predator,4.9,动作 / 科幻 / 惊悚 / 冒险,美国/加拿大,2018,21602.0,0.0
1223,起跑线 Hindi Medium,7.9,剧情 / 喜剧,印度,2018,20983.0,0.0
1224,哆啦A梦：大雄的金银岛 ドラえもん のび太の宝島,6.4,动画 / 奇幻 / 冒险,日本,2018,20923.0,0.0
1225,猛虫过江,3.7,喜剧 / 动作,中国大陆,2018,20273.0,1.0
1226,奇迹男孩 Wonder,8.6,剧情 / 儿童 / 家庭,美国/中国香港,2018,19107.0,1.0
1227,公牛历险记 Ferdinand,7.2,喜剧 / 动画 / 冒险,美国,2018,17184.0,0.0
1228,龙猫 となりのトトロ,9.2,动画 / 奇幻 / 冒险,日本,2018,17072.0,0.0
1229,祖宗十九代,4.2,喜剧 / 奇幻,中国大陆,2018,16924.0,1.0
1230,比得兔 Peter Rabbit,7.0,喜剧 / 动画 / 冒险,美国/英国/澳大利亚,2018,16824.0,0.0
1231,新大头儿子和小头爸爸3：俄罗斯奇遇记,4.8,儿童 / 动画 / 冒险 / 家庭,中国大陆,2018,15121.0,1.0
1232,嗝嗝老师 Hichki,7.4,剧情 / 喜剧,印度,2018,14870.000000000002,0.0
1233,云南虫谷,3.2,动作 / 奇幻 / 冒险,中国大陆,2018,14672.0,1.0
1234,大师兄 大師兄,5.1,喜剧 / 动作,中国大陆/中国香港,2018,14474.0,1.0
1235,新乌龙院之笑闹江湖,3.5,剧情 / 喜剧 / 动作,中国大陆,2018,12967.0,1.0
1236,叶问外传：张天志 葉問外傳：張天志,5.5,剧情 / 动作 / 犯罪,中国大陆/中国香港,2018,12822.0,1.0
1237,名侦探柯南：零的执行人 名探偵コナン ゼロの執行人,5.7,动画 / 悬疑,日本,2018,12708.0,0.0
1238,天气预爆,3.8,喜剧 / 奇幻,中国大陆,2018,12270.0,1.0
1239,阿尔法：狼伴归途 Alpha,6.4,剧情 / 冒险,美国/加拿大/中国大陆,2018,11383.0,1.0
1240,胡桃夹子和四个王国 The Nutcracker And The Four Realms,5.9,奇幻 / 冒险,美国,2018,11233.0,0.0
1241,风语咒,6.8,动画 / 奇幻,中国大陆,2018,11189.0,1.0
1242,21克拉,4.5,喜剧 / 爱情,中国大陆,2018,10983.0,1.0
1243,游侠索罗：星球大战外传 Solo: A Star Wars Story,6.8,动作 / 科幻 / 冒险,美国,2018,10621.0,0.0
1244,水形物语 The Shape of Water,7.2,剧情 / 爱情 / 奇幻,美国/加拿大/墨西哥,2018,10517.0,0.0
1245,神秘世界历险记4,5.3,动画,中国大陆,2018,10427.0,1.0
1246,马戏之王 The Greatest Showman,7.7,剧情 / 传记 / 歌舞,美国,2018,10099.0,0.0
1247,幸福马上来,3.7,喜剧,中国大陆,2018,9841.0,1.0
1248,小偷家族 万引き家族,8.7,剧情 / 犯罪 / 家庭,日本,2018,9622.0,0.0
1249,飓风奇劫 The Hurricane Heist,5.8,动作 / 犯罪 / 惊悚,英国/美国,2018,9492.0,0.0
1250,厕所英雄 Toilet - Ek Prem Katha,7.1,剧情 / 喜剧,印度,2018,9446.0,0.0
1251,金蝉脱壳2：冥府 Escape Plan 2: Hades,3.2,动作 / 惊悚,美国/中国大陆,2018,8885.0,1.0
1252,浴血广昌,4.4,历史 / 战争,中国大陆,2018,8669.0,1.0
1253,昨日青空,6.1,爱情 / 动画,中国大陆,2018,8322.0,1.0
1254,你好，之华,6.7,剧情 / 爱情,中国大陆,2018,7984.0,1.0
1255,武林怪兽,3.5,喜剧 / 奇幻 / 武侠,中国大陆/中国香港,2018,7858.0,1.0
1256,巴霍巴利王2：终结 Baahubali 2: The Conclusion,7.0,剧情 / 动作 / 奇幻,印度,2018,7675.0,0.0
1257,阿凡提之奇缘历险,4.7,喜剧 / 动画,中国大陆,2018,7599.0,1.0
1258,雪怪大冒险 Smallfoot,7.3,喜剧 / 动画 / 冒险 / 歌舞,美国,2018,7476.0,0.0
1259,冰雪女王3：火与冰 Снежная королева 3: Огонь и лед,4.5,动画 / 冒险 / 家庭,俄罗斯/中国大陆,2018,7415.0,1.0
1260,潜艇总动员：海底两万里,4.0,动画 / 奇幻 / 冒险,中国大陆,2018,7239.0,1.0
1261,泄密者 洩密者們,5.3,剧情 / 犯罪,中国香港,2018,7058.0,1.0
1262,龙虾刑警,4.8,喜剧 / 动作 / 犯罪,中国大陆,2018,6850.0,1.0
1263,印度合伙人 Padman,7.7,剧情 / 喜剧 / 传记,印度,2018,6680.0,0.0
1264,湮灭 Annihilation,7.2,剧情 / 科幻 / 惊悚,美国/英国,2018,6582.0,0.0
1265,闺蜜2,2.7,喜剧 / 爱情,中国香港/中国大陆,2018,6412.0,1.0
1266,英雄本色2018,4.5,剧情 / 动作,中国大陆/中国香港,2018,6187.0,1.0
1267,我的间谍前男友 The Spy Who Dumped Me,6.1,喜剧 / 动作,美国/加拿大,2018,6131.0,0.0
1268,忌日快乐 Happy Death Day,7.0,悬疑 / 惊悚 / 恐怖,美国,2018,6083.0,0.0
1269,印度暴徒 Thugs of Hindostan,5.9,喜剧 / 动作 / 冒险,印度,2018,5884.0,0.0
1270,新灰姑娘 Cinderella 3D,4.4,动画 / 奇幻 / 冒险,美国/中国大陆,2018,5810.0,1.0
1271,神奇马戏团之动物饼干 Magical Circus: Animal Crackers,5.7,喜剧 / 动画 / 奇幻 / 冒险,美国/西班牙/中国大陆/韩国/中国香港,2018,5703.0,1.0
1272,暴裂无声,8.2,剧情 / 犯罪 / 悬疑,中国大陆,2018,5398.0,1.0
1273,完美陌生人 Perfetti sconosciuti,8.5,剧情 / 喜剧,意大利,2018,5341.0,0.0
1274,流浪猫鲍勃 A Street Cat Named Bob,7.9,剧情 / 喜剧 / 传记,英国,2018,5284.0,0.0
1275,深海越狱 Black Water,4.2,动作 / 冒险,美国,2018,5108.0,0.0
1276,遇见你真好,4.5,剧情 / 喜剧 / 爱情,中国大陆,2018,5083.0,1.0
1277,狗十三,8.2,剧情 / 家庭,中国大陆,2018,5071.0,1.0
1278,断片之险途夺宝,2.9,喜剧 / 冒险,中国大陆,2018,4987.0,1.0
1279,谜巢,3.4,动作 / 冒险,中国大陆/澳大利亚,2018,4856.0,1.0
1280,镰仓物语 DESTINY 鎌倉ものがたり,6.9,剧情 / 奇幻,日本,2018,4815.0,0.0
1281,小马宝莉大电影 My Little Pony: The Movie,6.7,喜剧 / 动画 / 冒险 / 歌舞,美国/加拿大,2018,4667.0,0.0
1282,爸，我一定行的,6.3,剧情 / 喜剧 / 家庭,中国大陆,2018,4604.0,1.0
1283,通勤营救 The Commuter,6.5,动作 / 犯罪 / 惊悚,美国/英国,2018,4509.0,0.0
1284,犬之岛 Isle of Dogs,8.2,喜剧 / 动画 / 冒险,德国/日本/美国/英国,2018,4331.0,0.0
1285,卧底巨星,3.5,喜剧 / 动作,中国大陆/中国香港,2018,3889.0,1.0
1286,战神纪,3.4,奇幻 / 冒险,中国大陆,2018,3780.0,1.0
1287,大闹西游,4.9,喜剧 / 动画 / 冒险,中国大陆,2018,3723.0,1.0
1288,我是你妈,4.8,剧情 / 喜剧,中国大陆,2018,3663.0,1.0
1289,苏丹 Sultan,6.7,剧情 / 运动,印度,2018,3569.0,0.0
1290,妈妈咪鸭,7.0,喜剧 / 动画 / 冒险 / 家庭,中国大陆/美国,2018,3554.0,1.0
1291,脱单告急,5.4,喜剧 / 爱情,中国大陆,2018,3463.0,1.0
1292,冰封侠：时空行者,2.8,动作 / 奇幻,中国大陆/中国香港,2018,3413.0,1.0
1293,低压槽：欲望之城 低壓槽,4.3,剧情 / 动作 / 犯罪 / 悬疑,中国大陆/中国香港,2018,3293.0,1.0
1294,的士速递5 Taxi 5,5.4,喜剧 / 动作 / 犯罪,法国,2018,3065.0,0.0
1295,奇葩朵朵,4.2,喜剧 / 爱情,中国大陆,2018,3001.0,1.0
1296,浪矢解忧杂货店 ナミヤ雑貨店の奇蹟,7.1,剧情 / 奇幻,日本,2018,2864.0,0.0
1297,恐龙王,5.9,喜剧 / 动画 / 冒险,中国大陆,2018,2833.0,1.0
1298,网络谜踪 Searching,8.5,剧情 / 犯罪 / 悬疑 / 惊悚,美国/俄罗斯,2018,2819.0,0.0
1299,传奇的诞生 Pelé: Birth of a Legend,7.7,剧情 / 传记 / 运动,美国,2018,2666.0,0.0
1300,第七个小矮人 The 7th Dwarf,6.3,喜剧 / 动画 / 冒险,德国,2018,2525.0,0.0
1301,宝贝儿,5.3,剧情,中国大陆,2018,2449.0,1.0
1302,虎胆追凶 Death Wish,6.5,动作 / 犯罪 / 惊悚,美国,2018,2199.0,0.0
1303,猫与桃花源,6.0,动画 / 冒险 / 家庭,中国大陆,2018,2089.0,1.0
1304,魔镜奇缘2,6.6,剧情 / 传记 / 历史,法国/比利时/德国,2018,2046.0,0.0
1305,玛丽与魔女之花 メアリと魔女の花,6.2,动画 / 奇幻 / 冒险,日本,2018,1908.0,0.0
1306,滴答屋 The House with a Clock in its Walls,5.4,喜剧 / 奇幻 / 惊悚 / 冒险,美国/印度/加拿大,2018,1892.0,0.0
1307,功夫联盟,3.3,剧情 / 动作,中国大陆,2018,1763.0,1.0
1308,哪吒之魔童降世,8.4,剧情 / 喜剧 / 动画 / 奇幻,中国大陆,2019,497267.0,1.0
1309,流浪地球,7.9,科幻 / 冒险 / 灾难,中国大陆,2019,464391.00000000006,1.0
1310,复仇者联盟4：终局之战 Avengers: Endgame,8.5,剧情 / 动作 / 科幻 / 奇幻 / 冒险,美国,2019,424111.0,0.0
1311,我和我的祖国,7.6,剧情,中国大陆,2019,317131.0,1.0
1312,中国机长,6.6,剧情 / 传记 / 灾难,中国大陆,2019,286906.0,1.0
1313,疯狂的外星人,6.4,喜剧 / 科幻,中国大陆,2019,220202.0,1.0
1314,飞驰人生,6.9,喜剧,中国大陆,2019,171356.0,1.0
1315,烈火英雄,6.4,剧情 / 灾难,中国大陆,2019,169099.0,1.0
1316,少年的你,8.2,剧情 / 爱情 / 犯罪,中国大陆/中国香港,2019,154490.0,1.0
1317,"速度与激情：特别行动 Fast &amp, Furious Presents: Hobbs &amp, Shaw",6.3,喜剧 / 动作 / 冒险,美国/日本,2019,143003.0,0.0
1318,蜘蛛侠：英雄远征 Spider-Man: Far from Home,7.6,动作 / 科幻 / 冒险,美国,2019,141097.0,0.0
1319,扫毒2天地对决 掃毒2：天地對決,6.0,剧情 / 动作 / 犯罪 / 悬疑,中国大陆/中国香港,2019,129550.0,1.0
1320,误杀,7.5,剧情 / 犯罪 / 悬疑,中国大陆,2019,120853.0,1.0
1321,叶问4：完结篇 葉問4：完結篇,6.8,剧情 / 动作,中国大陆/中国香港,2019,118423.0,1.0
1322,大黄蜂 Bumblebee,7.0,动作 / 科幻 / 冒险,美国/中国大陆,2019,114170.0,1.0
1323,攀登者,6.0,剧情 / 爱情 / 冒险,中国大陆,2019,108247.0,1.0
1324,惊奇队长 Captain Marvel,6.8,动作 / 科幻 / 冒险,美国/澳大利亚,2019,103326.0,0.0
1325,比悲伤更悲伤的故事 比悲傷更悲傷的故事,4.8,爱情,中国台湾,2019,95351.0,1.0
1326,哥斯拉2：怪兽之王 Godzilla: King of the Monsters,6.2,动作 / 科幻 / 冒险 / 灾难,美国/日本/中国大陆/加拿大,2019,93458.0,1.0
1327,阿丽塔：战斗天使 Alita: Battle Angel,7.5,动作 / 科幻 / 冒险,美国/日本/加拿大,2019,88402.0,0.0
1328,银河补习班,6.2,剧情,中国大陆,2019,87178.0,1.0
1329,冰雪奇缘2 Frozen II,7.0,喜剧 / 动画 / 冒险 / 歌舞,美国,2019,86099.0,0.0
1330,狮子王 The Lion King,7.2,剧情 / 动画 / 冒险,美国,2019,82948.0,0.0
1331,反贪风暴4 P風暴,5.9,动作 / 犯罪,中国香港/中国大陆,2019,79424.0,1.0
1332,熊出没·原始时代,6.6,喜剧 / 动画 / 冒险,中国大陆,2019,71123.0,1.0
1333,使徒行者2：谍影行动,6.2,剧情 / 动作 / 犯罪,中国大陆/中国香港,2019,69741.0,1.0
1334,宠爱,5.9,剧情 / 喜剧 / 爱情,中国大陆,2019,68428.0,1.0
1335,大侦探皮卡丘 Pokémon Detective Pikachu,6.4,喜剧 / 动画 / 奇幻 / 冒险,美国/日本/英国/加拿大,2019,63925.0,0.0
1336,新喜剧之王,5.7,剧情 / 喜剧,中国大陆/中国香港,2019,62298.0,1.0
1337,绿皮书 Green Book,8.9,剧情 / 喜剧 / 传记 / 音乐,美国/中国大陆,2019,47712.0,1.0
1338,白蛇：缘起,7.8,爱情 / 动画 / 奇幻,中国大陆/美国,2019,44344.0,1.0
1339,最好的我们,5.1,剧情 / 爱情,中国大陆,2019,41242.0,1.0
1340,X战警：黑凤凰 Dark Phoenix,5.7,动作 / 科幻 / 冒险,美国/加拿大,2019,40839.0,0.0
1341,诛仙1 诛仙 Ⅰ,4.5,爱情 / 奇幻 / 古装,中国大陆,2019,40233.0,1.0
1342,“大”人物,6.4,动作 / 犯罪,中国大陆,2019,37750.0,1.0
1343,何以为家 ????????,9.1,剧情,黎巴嫩/美国/法国/塞浦路斯/卡塔尔/英国,2019,37114.0,0.0
1344,阿拉丁 Aladdin,7.4,爱情 / 奇幻 / 冒险 / 歌舞,美国,2019,36748.0,0.0
1345,驯龙高手3 How to Train Your Dragon: The Hidden World,7.4,动画 / 奇幻 / 冒险,美国,2019,36188.0,0.0
1346,终结者：黑暗命运 Terminator: Dark Fate,6.8,动作 / 科幻 / 冒险,美国/西班牙/匈牙利,2019,35373.0,0.0
1347,老师·好,6.6,剧情,中国大陆,2019,35308.0,1.0
1348,沉睡魔咒2 Maleficent: Mistress of Evil,5.9,奇幻 / 冒险,美国/英国,2019,34530.0,0.0
1349,调音师 Andhadhun,8.2,喜剧 / 犯罪 / 悬疑 / 惊悚,印度,2019,32443.0,0.0
1350,罗小黑战记,8.0,动作 / 动画 / 奇幻,中国大陆,2019,31195.0,1.0
1351,黑衣人：全球追缉 Men in Black International,5.5,喜剧 / 动作 / 科幻,美国,2019,30695.0,0.0
1352,追龙Ⅱ 追龍2：賊王,5.4,剧情 / 动作 / 犯罪,中国香港/中国大陆,2019,30484.0,1.0
1353,决战中途岛 Midway,7.5,剧情 / 历史 / 战争,中国大陆/中国香港/加拿大/美国,2019,29152.0,1.0
1354,勇敢者游戏2：再战巅峰 Jumanji: The Next Level,5.9,喜剧 / 动作 / 奇幻 / 冒险,美国,2019,28818.0,0.0
1355,死侍2：我爱我家 Deadpool 2,7.3,喜剧 / 动作 / 科幻 / 冒险,美国,2019,28013.0,0.0
1356,小小的愿望,5.0,剧情 / 喜剧,中国大陆,2019,26683.0,1.0
1357,犯罪现场 犯罪現場,6.2,犯罪 / 悬疑 / 惊悚,中国香港,2019,25339.999999999996,1.0
1358,我为你牺牲,5.7,剧情 / 动作,中国大陆,2019,24798.0,1.0
1359,双子杀手 Gemini Man,6.8,剧情 / 动作 / 科幻,美国/中国大陆,2019,23393.0,1.0
1360,名侦探柯南：绀青之拳 名探偵コナン 紺青の拳,5.8,动画 / 悬疑,日本,2019,23127.0,0.0
1361,密室逃生 Escape Room,7.1,悬疑 / 惊悚,美国/南非,2019,22700.0,0.0
1362,大约在冬季,5.0,剧情 / 爱情,中国大陆,2019,22411.0,1.0
1363,受益人,6.5,剧情 / 喜剧 / 爱情,中国大陆,2019,21660.0,1.0
1364,航海王：狂热行动 ONE PIECE STAMPEDE,7.5,动画 / 冒险,日本,2019,20402.0,0.0
1365,南方车站的聚会,7.4,剧情 / 犯罪,中国大陆/法国,2019,20168.0,1.0
1366,玩具总动员4 Toy Story 4,8.5,喜剧 / 动画 / 奇幻,美国,2019,20005.0,0.0
1367,利刃出鞘 Knives Out,8.1,剧情 / 喜剧 / 犯罪 / 悬疑,美国,2019,19892.0,0.0
1368,"一条狗的使命2 A Dog&#39,s Journey",6.9,剧情 / 喜剧 / 家庭,中国大陆/印度/中国香港/美国,2019,19537.0,1.0
1369,半个喜剧,7.3,喜剧 / 爱情,中国大陆,2019,18844.0,1.0
1370,沉默的证人,5.3,动作 / 犯罪,中国大陆/中国香港,2019,17913.0,1.0
1371,一吻定情,4.4,喜剧 / 爱情,中国台湾/中国大陆,2019,17223.0,1.0
1372,天·火,4.2,动作 / 冒险 / 灾难,中国大陆,2019,16982.0,1.0
1373,只有芸知道,6.3,剧情 / 爱情,中国大陆,2019,15859.0,1.0
1374,爱宠大机密2 The Secret Life of Pets 2,6.8,喜剧 / 动画 / 冒险,美国,2019,15331.999999999998,0.0
1375,神探蒲松龄,3.8,喜剧 / 动作 / 奇幻 / 古装,中国大陆,2019,15174.0,1.0
1376,小飞象 Dumbo,6.5,奇幻 / 冒险,美国/英国/澳大利亚/加拿大,2019,14739.0,0.0
1377,星球大战9：天行者崛起 Star Wars: The Rise of Skywalker,6.2,动作 / 科幻 / 冒险,美国,2019,14379.0,0.0
1378,"海上钢琴师 La leggenda del pianista sull&#39,oceano",9.3,剧情 / 音乐,意大利,2019,14268.0,0.0
1379,愤怒的小鸟2 The Angry Birds Movie 2,6.9,喜剧 / 动画 / 冒险,芬兰/美国,2019,14013.0,0.0
1380,哆啦A梦：大雄的月球探险记 映画ドラえもん のび太の月面探査記,7.2,剧情 / 动画,日本,2019,13037.0,0.0
1381,小猪佩奇过大年,3.8,儿童 / 动画 / 歌舞 / 家庭,中国大陆/英国,2019,12224.0,1.0
1382,上海堡垒,2.9,爱情 / 战争 / 科幻,中国大陆,2019,12180.0,1.0
1383,下一任：前任,2.8,爱情,中国台湾/中国大陆,2019,12002.0,1.0
1384,决胜时刻,6.4,剧情 / 传记 / 历史,中国大陆,2019,11684.000000000002,1.0
1385,廉政风云 廉政風雲 煙幕,5.4,剧情 / 犯罪 / 悬疑,中国香港/中国大陆,2019,11229.0,1.0
1386,海市蜃楼 Durante la tormenta,7.6,科幻 / 悬疑 / 惊悚,西班牙,2019,11057.999999999998,0.0
1387,一个母亲的复仇 Mom,6.8,剧情 / 犯罪,印度,2019,11017.999999999998,0.0
1388,小Q,6.5,剧情,中国大陆/中国香港,2019,10991.0,1.0
1389,夏目友人帐 劇場版 夏目友人帳 ～うつせみに結ぶ～,8.0,剧情 / 动画 / 奇幻,日本,2019,10914.0,0.0
1390,雪人奇缘 Abominable,7.1,喜剧 / 动画 / 冒险,美国/中国大陆,2019,10752.0,1.0
1391,鼠胆英雄,5.2,喜剧,中国大陆,2019,10088.0,1.0
1392,波西米亚狂想曲 Bohemian Rhapsody,8.6,剧情 / 传记 / 同性 / 音乐,英国/美国,2019,9827.0,0.0
1393,绝杀慕尼黑 Движение вверх,8.1,剧情 / 运动,俄罗斯,2019,9120.0,0.0
1394,催眠·裁决 催眠裁決,5.7,犯罪 / 悬疑,中国香港/中国大陆,2019,8547.0,1.0
1395,全职高手之巅峰荣耀,5.5,剧情 / 动画,中国大陆,2019,8482.0,1.0
1396,巨鳄风暴 Crawl,5.7,剧情 / 惊悚 / 灾难,美国/塞尔维亚/加拿大,2019,7412.0,0.0
1397,"霹雳娇娃 Charlie&#39,s Angels",5.3,动作 / 冒险,美国,2019,7403.0,0.0
1398,被光抓走的人,6.9,剧情 / 爱情 / 科幻,中国大陆,2019,7086.0,1.0
1399,祈祷落幕时 祈りの幕が下りる時,7.9,剧情 / 悬疑,日本,2019,6758.0,0.0
1400,天使陷落 Angel Has Fallen,6.0,动作 / 犯罪 / 惊悚,美国,2019,6696.0,0.0
1401,风中有朵雨做的云,7.2,剧情 / 犯罪 / 悬疑,中国大陆,2019,6449.0,1.0
1402,亲爱的新年好,5.5,剧情 / 爱情,中国大陆,2019,6275.0,1.0
1403,人间·喜剧,3.3,喜剧,中国大陆,2019,6256.0,1.0
1404,猪八戒·传说,2.2,喜剧 / 奇幻,中国大陆,2019,6217.0,1.0
1405,特警队,5.0,动作,中国大陆,2019,5709.0,1.0
1406,友情以上 ?????..????????????????,6.2,喜剧 / 爱情,泰国,2019,5184.0,0.0
1407,碟仙,4.8,惊悚 / 恐怖,中国大陆,2019,5131.0,1.0
1408,掠食城市 Mortal Engines,6.3,动作 / 科幻 / 冒险,美国/新西兰/日本,2019,5020.0,0.0
1409,妈阁是座城,5.8,剧情,中国大陆,2019,5012.0,1.0
1410,五月天人生无限公司 五月天人生無限公司,8.3,剧情 / 纪录片 / 音乐,中国台湾,2019,4971.0,1.0
1411,吹哨人,5.3,剧情 / 犯罪 / 悬疑,中国大陆,2019,4861.0,1.0
1412,神奇乐园历险记 Wonder Park,6.1,喜剧 / 动画 / 奇幻 / 冒险,美国/西班牙,2019,4657.0,0.0
1413,地久天长,8.0,剧情 / 家庭,中国大陆,2019,4456.0,1.0
1414,狂暴凶狮 Prooi,5.0,喜剧 / 惊悚,荷兰,2019,4425.0,0.0
1415,铤而走险,6.0,剧情 / 犯罪,中国大陆,2019,4380.0,1.0
1416,一生有你2019,3.9,爱情,中国大陆,2019,4124.0,1.0
1417,你是凶手,5.5,剧情 / 犯罪 / 悬疑,中国大陆,2019,4106.0,1.0
1418,解放·终局营救,4.4,剧情 / 历史 / 战争,中国大陆,2019,4106.0,1.0
1419,跳舞吧！大象,5.0,剧情 / 喜剧 / 歌舞,中国大陆,2019,3874.0,1.0
1420,徒手攀岩 Free Solo,8.8,纪录片,美国,2019,3616.0,0.0
1421,"一条狗的回家路 A Dog&#39,s Way Home",6.8,剧情 / 冒险,中国大陆/美国,2019,3604.0,1.0
1422,无所不能 Kaabil,7.0,动作 / 犯罪 / 悬疑,印度,2019,3480.0,0.0
1423,猪猪侠·不可思议的世界,4.6,动画,中国大陆,2019,3373.0,1.0
1424,古田军号,6.9,剧情 / 历史 / 战争,中国大陆,2019,3312.0,1.0
1425,家和万事惊 家和萬事驚,5.9,喜剧 / 家庭,中国大陆/中国香港,2019,3247.0,1.0
1426,我的英雄学院：两位英雄 僕のヒーローアカデミア THE MOVIE ～2人の英雄～,6.9,动作 / 动画,日本,2019,3173.0,0.0
1427,龙珠超：布罗利 ドラゴンボール超 ブロリー,7.2,动作 / 动画 / 奇幻 / 冒险,日本,2019,3083.0,0.0
1428,秦明·生死语者,4.1,犯罪 / 悬疑,中国大陆,2019,2960.0,1.0
1429,钢铁飞龙之奥特曼崛起,3.1,动作 / 科幻 / 动画,中国大陆,2019,2883.0,1.0
1430,送我上青云,7.0,剧情,中国大陆,2019,2875.0,1.0
1431,天气之子 天気の子,7.0,爱情 / 动画 / 奇幻,日本,2019,2846.0,0.0
1432,红星照耀中国,6.1,动作 / 犯罪 / 悬疑,中国大陆,2019,2803.0,1.0
1433,"命运之夜——天之杯Ⅰ：恶兆之花 劇場版 Fate/stay night [Heaven&#39,s Feel] I. presage flower",7.4,动画 / 奇幻,日本,2019,2470.0,0.0
1434,深夜食堂,4.9,剧情,中国大陆,2019,2391.0,1.0
1435,我想吃掉你的胰脏 君の膵臓をたべたい,6.9,爱情 / 动画,日本,2019,2372.0,0.0
1436,潜艇总动员：外星宝贝计划,4.7,剧情 / 爱情,中国大陆,2019,2344.0,1.0
1437,冰雪女王4：魔镜世界 The Snow Queen: Mirrorlands,5.5,动画 / 奇幻 / 冒险 / 家庭,俄罗斯,2019,2341.0,0.0
1438,触不可及(美版) The Upside,7.5,剧情 / 喜剧,美国,2019,2340.0,0.0
1439,星际探索 Ad Astra,6.8,科幻 / 冒险,美国/巴西/中国大陆,2019,2251.0,1.0
1440,"命运之夜——天之杯Ⅱ：迷失之蝶 劇場版 Fate/stay night [Heaven&#39,s Feel] II. lost butterfly",7.6,剧情 / 动画 / 奇幻,日本,2019,2232.0,0.0
1441,巧虎大飞船历险记,7.4,儿童 / 动画,中国大陆,2019,2230.0,1.0
1442,素人特工,3.4,喜剧 / 动作 / 冒险,中国大陆,2019,2225.0,1.0
1443,唐顿庄园 Downton Abbey,8.0,剧情,英国/美国,2019,2126.0,0.0
1444,宝莱坞机器人2.0：重生归来 2.0,5.4,动作 / 科幻 / 惊悚,印度,2019,2114.0,0.0
1445,长安道,6.0,剧情 / 犯罪 / 悬疑,中国大陆,2019,2104.0,1.0
1446,我的拳王男友,4.6,爱情 / 运动,中国大陆,2019,2081.0,1.0
1447,八子,4.1,动作 / 历史 / 战争,中国大陆,2019,2030.0,1.0
1448,赛尔号大电影7：疯狂机器城,4.7,儿童 / 喜剧 / 动画 / 奇幻 / 冒险,中国大陆,2019,2025.0,1.0
1449,打过长江去,4.1,剧情 / 战争,中国大陆,2019,1984.0,1.0
1450,海蒂和爷爷 Heidi,9.3,剧情 / 冒险 / 家庭,德国/瑞士,2019,1978.0,0.0
1451,悟空奇遇记,2.8,喜剧 / 动画,中国大陆,2019,1871.0,1.0
1452,狗眼看人心,5.5,剧情 / 家庭,中国大陆,2019,1866.0,1.0
1453,八佰,7.5,剧情 / 历史 / 战争,中国大陆,2020,309137.0,1.0
1454,我和我的家乡,7.0,剧情 / 喜剧,中国大陆,2020,282296.0,1.0
1455,姜子牙,6.6,剧情 / 动画 / 奇幻,中国大陆,2020,159770.0,1.0
1456,送你一朵小红花,7.2,剧情,中国大陆,2020,143152.0,1.0
1457,拆弹专家2,7.4,动作 / 犯罪,中国大陆/中国香港,2020,131477.0,1.0
1458,金刚川,6.5,剧情 / 战争,中国大陆,2020,111500.0,1.0
1459,温暖的抱抱,5.2,喜剧,中国大陆,2020,85119.0,1.0
1460,夺冠,7.1,剧情 / 运动,中国大陆/中国香港,2020,82737.0,1.0
1461,除暴,6.1,剧情 / 动作 / 犯罪,中国香港/中国大陆,2020,53700.0,1.0
1462,我在时间尽头等你,5.3,爱情 / 奇幻,中国大陆,2020,50110.0,1.0
1463,紧急救援,5.9,动作 / 灾难,中国大陆/中国香港,2020,48316.0,1.0
1464,信条 Tenet,7.6,剧情 / 动作 / 科幻,美国/英国,2020,45202.0,0.0
1465,沐浴之王,6.0,喜剧,中国大陆,2020,40365.0,1.0
1466,心灵奇旅 Soul,8.7,动画 / 奇幻 / 音乐,美国,2020,36181.0,0.0
1467,疯狂原始人2 The Croods: A New Age,7.7,喜剧 / 动画 / 冒险,美国,2020,34359.0,0.0
1468,如果声音不记得,3.9,爱情 / 奇幻,中国大陆,2020,33449.0,1.0
1469,一点就到家,6.5,剧情 / 喜剧,中国大陆,2020,30619.0,1.0
1470,急先锋,4.4,动作,中国大陆,2020,28705.0,1.0
1471,花木兰 Mulan,4.9,动作 / 冒险 / 古装,美国/中国香港,2020,27660.999999999996,1.0
1472,赤狐书生,4.8,喜剧 / 奇幻 / 古装,中国大陆,2020,18507.0,1.0
1473,神奇女侠1984 Wonder Woman 1984,6.1,动作 / 奇幻 / 冒险,美国/英国/西班牙,2020,15852.0,0.0
1474,多力特的奇幻冒险 Dolittle,5.7,喜剧 / 奇幻 / 冒险,美国/中国大陆/英国,2020,13534.0,1.0
1475,一秒钟,7.6,剧情,中国大陆,2020,12911.999999999998,1.0
1476,数码宝贝：最后的进化 デジモンアドベンチャー LAST EVOLUTION 絆,7.3,动画 / 冒险,日本,2020,12135.0,0.0
1477,喜宝,3.3,剧情 / 爱情,中国大陆,2020,10875.0,1.0
1478,变身特工 Spies in Disguise,7.3,喜剧 / 动作 / 科幻 / 动画,美国,2020,10356.0,0.0
1479,地狱男爵：血皇后崛起 Hellboy,5.7,动作 / 奇幻 / 冒险,美国,2020,8399.0,0.0
1480,风平浪静,6.2,剧情 / 爱情 / 犯罪,中国大陆,2020,8196.0,1.0
1481,汪汪队立大功之超能救援 PAW Patrol: Mighty Pups,6.0,儿童 / 动画 / 冒险,美国/加拿大,2020,7228.0,0.0
1482,1/2的魔法 Onward,7.6,喜剧 / 动画 / 奇幻 / 冒险,美国,2020,7013.0,0.0
1483,热血合唱团 熱血合唱團,4.5,剧情,中国香港,2020,6997.0,1.0
1484,1917,8.5,剧情 / 战争,美国/英国/印度/西班牙/加拿大/中国大陆,2020,6780.0,1.0
1485,明天你是否依然爱我,4.0,剧情 / 爱情,中国大陆/中国香港,2020,6397.0,1.0
1486,美丽人生 La vita è bella,9.6,剧情 / 喜剧 / 爱情 / 战争,意大利,2020,5814.0,0.0
1487,哆啦A梦：大雄的新恐龙 映画ドラえもん のび太の新恐竜,7.1,动画 / 奇幻 / 冒险,日本,2020,5700.0,0.0
1488,秀美人生,6.9,剧情 / 传记,中国大陆,2020,5170.0,1.0
1489,荞麦疯长,4.1,剧情 / 爱情,中国大陆,2020,5135.0,1.0
1490,紫罗兰永恒花园外传：永远与自动手记人偶 ヴァイオレット?エヴァーガーデン 外伝 - 永遠と自動手記人形 -,7.4,剧情 / 动画,日本,2020,4859.0,0.0
1491,鲨海逃生 47 Meters Down: Uncaged,5.1,惊悚 / 冒险,英国,2020,4718.0,0.0
1492,小妇人 Little Women,8.0,剧情 / 爱情,美国,2020,4519.0,0.0
1493,喋血战士 Bloodshot,5.5,动作 / 科幻,中国大陆/美国,2020,4427.0,1.0
1494,动物特工局,5.9,喜剧 / 动画 / 冒险,中国大陆/法国,2020,4388.0,1.0
1495,我的女友是机器人,3.5,喜剧 / 爱情 / 科幻,中国大陆,2020,4252.0,1.0
1496,绝地战警：疾速追击 Bad Boys for Life,5.7,喜剧 / 动作 / 犯罪,美国/墨西哥,2020,3417.0,0.0
1497,末日逃生 Greenland,5.4,剧情 / 科幻 / 灾难,美国/英国,2020,3200.0,0.0
1498,野性的呼唤 The Call of the Wild,7.0,剧情 / 冒险,加拿大/美国/葡萄牙,2020,3119.0,0.0
1499,死无对证 Il testimone invisibile,7.3,剧情 / 犯罪 / 悬疑 / 惊悚,意大利,2020,2803.0,0.0
1500,2019阅兵盛典,3.4,喜剧 / 爱情 / 奇幻,中国大陆,2020,2762.0,1.0
1501,抵达之谜,4.7,剧情 / 爱情,中国大陆,2020,2507.0,1.0
1502,隐形人 The Invisible Man,7.1,科幻 / 惊悚 / 恐怖,加拿大/澳大利亚/美国,2020,2302.0,0.0
1503,天道王,8.6,动画 / 奇幻 / 冒险,日本,2020,2215.0,0.0
1504,刺猬索尼克 Sonic the Hedgehog,6.0,喜剧 / 动作 / 动画 / 冒险,加拿大/日本/美国,2020,1886.0,0.0
1505,保家卫国——抗美援朝光影纪实,8.8,纪录片,中国大陆,2020,1858.0,1.0
1506,猎杀T34 T-34,7.5,动作 / 历史 / 战争,俄罗斯,2020,1808.0,0.0
1507,麦路人 麥路人,6.5,剧情,中国香港,2020,1765.0,1.0
1508,灭绝 Extinction,5.5,科幻 / 惊悚,美国,2020,1591.0,0.0
1509,假面饭店 マスカレード?ホテル,6.3,剧情 / 犯罪 / 悬疑,日本,2020,1526.0,0.0
1510,极速车王 Ford v Ferrari,8.5,剧情 / 传记 / 运动,美国,2020,1469.0,0.0
1511,海兽之子 海獣の子供,6.5,动画 / 奇幻 / 冒险,日本,2020,1426.0,0.0
1512,阿里巴巴与神灯,7.0,动作 / 冒险,英国/美国,2020,1362.0,0.0
1513,宝可梦：超梦的逆袭 进化 劇場版 ポケットモンスター ミュウツーの逆襲 EVOLUTION,6.1,动画 / 奇幻 / 冒险,日本,2020,1298.0,0.0
1514,七号房的礼物 7. Ko?u?taki Mucize,7.7,剧情,土耳其,2020,1174.0,0.0
1515,网络凶铃,3.5,惊悚 / 恐怖,中国大陆,2020,1098.0,1.0
1516,妙先生,6.2,动画 / 奇幻 / 冒险,中国大陆,2020,1052.0,1.0
1517,乔乔的异想世界 Jojo Rabbit,8.3,剧情 / 喜剧 / 战争,美国/捷克/新西兰,2020,960.0,0.0
1518,萌宠流浪记 Trouble,5.6,喜剧 / 动画 / 家庭,加拿大/美国/开曼群岛,2020,866.0,0.0
1519,未来的未来 未来のミライ,6.6,动画 / 奇幻,日本,2020,813.0,0.0
1520,木兰：横空出世,3.2,喜剧 / 动作 / 动画,中国大陆,2020,761.0,1.0
1521,十三猎杀,3.2,动作,中国大陆,2020,683.0,1.0
1522,菊次郎的夏天 菊次郎の夏,8.9,剧情 / 喜剧,日本,2020,597.0,0.0
1523,蓝色防线,8.5,战争 / 纪录片,中国大陆,2020,488.0,1.0
1524,第一次的离别,7.1,剧情 / 儿童,中国大陆,2020,438.0,1.0
1525,掬水月在手,7.8,传记 / 纪录片,中国大陆,2020,415.0,1.0
1526,飞奔去月球 Over the Moon,6.0,动画 / 冒险 / 家庭,美国/中国大陆,2020,399.0,1.0
1527,魔发精灵2 Trolls World Tour,6.4,动画 / 奇幻 / 冒险 / 歌舞,美国,2020,384.0,0.0
1528,致敬英雄,6.4,剧情 / 传记 / 历史,美国/俄罗斯/英国,2020,343.0,0.0
1529,再见吧！少年,6.7,剧情,中国大陆,2020,332.0,1.0
1530,流浪地球,7.9,科幻 / 冒险 / 灾难,中国大陆,2020,276.0,1.0
1531,士兵顺溜：兵王争锋,3.0,剧情 / 喜剧,中国大陆,2020,117.0,1.0
1532,武圣关公,4.0,动作 / 动画,中国大陆,2020,26.0,1.0
1533,长津湖,7.4,剧情 / 历史 / 战争,中国大陆/中国香港,2021,577007.0,1.0
1534,你好，李焕英,7.7,剧情 / 喜剧 / 奇幻,中国大陆,2021,541330.0,1.0
1535,唐人街探案3,5.3,喜剧 / 悬疑,中国大陆/中国香港/日本,2021,451459.0,1.0
1536,我和我的父辈,6.5,剧情,中国大陆,2021,147232.0,1.0
1537,速度与激情9 F9: The Fast Saga,5.2,动作 / 犯罪,美国,2021,139232.0,0.0
1538,怒火·重案 怒火,7.2,动作 / 犯罪,中国香港/中国大陆,2021,132694.0,1.0
1539,中国医生,6.9,剧情 / 灾难,中国大陆,2021,13.244,1.0
1540,哥斯拉大战金刚 Godzilla vs Kong,6.3,动作 / 科幻 / 冒险,美国/澳大利亚/加拿大/印度,2021,122739.0,0.0
1541,悬崖之上,7.6,剧情 / 动作 / 悬疑,中国大陆/中国香港,2021,119004.0,1.0
1542,误杀2,5.7,剧情 / 犯罪,中国大陆,2021,111823.0,1.0
1543,刺杀小说家,6.5,动作 / 奇幻 / 冒险,中国大陆,2021,103186.0,1.0
1544,穿过寒冬拥抱你,6.0,剧情 / 爱情,中国大陆,2021,93668.0,1.0
1545,扬名立万,7.4,剧情 / 喜剧 / 悬疑,中国大陆,2021,92053.0,1.0
1546,我的姐姐,6.9,剧情 / 家庭,中国大陆,2021,85965.0,1.0
1547,你的婚礼,4.7,爱情,中国大陆,2021,78888.0,1.0
1548,人潮汹涌,6.5,喜剧 / 犯罪,中国大陆/中国香港,2021,75963.0,1.0
1549,反贪风暴5：最终章 G風暴,4.6,动作 / 犯罪,中国香港/中国大陆,2021,62600.0,1.0
1550,失控玩家 Free Guy,7.5,喜剧 / 动作 / 科幻,美国/加拿大,2021,61246.0,0.0
1551,熊出没·狂野大陆,6.3,喜剧 / 科幻 / 动画,中国大陆,2021,58327.0,1.0
1552,白蛇2：青蛇劫起,6.8,动画 / 奇幻 / 冒险,中国大陆,2021,57751.0,1.0
1553,1921,6.7,剧情 / 历史,中国大陆,2021,50388.0,1.0
1554,新神榜：哪吒重生,6.8,动作 / 动画 / 奇幻,中国大陆,2021,45007.0,1.0
1555,峰爆,6.3,剧情 / 动作 / 灾难,中国大陆,2021,43547.0,1.0
1556,古董局中局,5.9,剧情 / 悬疑 / 冒险,中国大陆/中国香港,2021,42941.0,1.0
1557,007：无暇赴死 No Time to Die,6.6,动作 / 惊悚 / 冒险,英国/美国,2021,4.1452,0.0
1558,扫黑·决战,6.0,剧情 / 动作 / 犯罪,中国大陆,2021,40410.00000000001,1.0
1559,盛夏未来,7.1,剧情,中国大陆,2021,38421.0,1.0
1560,我要我们在一起,6.0,剧情 / 爱情,中国大陆,2021,32498.999999999996,1.0
1561,侍神令,5.3,奇幻,中国大陆,2021,27409.0,1.0
1562,哆啦A梦：伴我同行2 STAND BY ME ドラえもん2,7.1,剧情 / 动画,日本,2021,26982.0,0.0
1563,当男人恋爱时 當男人戀愛時,6.3,爱情,中国台湾/中国香港,2021,26180.0,1.0
1564,爱情神话,8.1,剧情 / 喜剧 / 爱情,中国大陆,2021,25993.0,1.0
1565,沙丘 Dune,7.7,剧情 / 科幻 / 冒险,美国,2021,25332.0,0.0
1566,寂静之地2 A Quiet Place: Part II,6.4,科幻 / 惊悚 / 恐怖,美国,2021,24949.0,0.0
1567,雄狮少年,8.3,剧情 / 喜剧 / 动画,中国大陆,2021,24822.000000000004,1.0
1568,追虎擒龙,5.0,剧情 / 动作 / 犯罪,中国香港/中国大陆,2021,24335.0,1.0
1569,门锁,4.3,剧情 / 犯罪 / 惊悚,中国大陆,2021,24183.0,1.0
1570,大红包,4.7,喜剧 / 爱情,中国大陆,2021,23527.999999999996,1.0
1571,以年为单位的恋爱,5.2,爱情,中国大陆,2021,23102.999999999996,1.0
1572,名侦探柯南：绯色的子弹 名探偵コナン 緋色の弾丸,5.6,动作 / 动画 / 悬疑 / 冒险,日本,2021,21488.0,0.0
1573,秘密访客,5.3,悬疑 / 惊悚,中国大陆,2021,21487.0,1.0
1574,比得兔2：逃跑计划 Peter Rabbit 2: The Runaway,7.0,喜剧 / 动画 / 冒险,澳大利亚/印度/美国/英国/加拿大,2021,19778.0,0.0
1575,人之怒 Wrath of Man,6.7,动作 / 犯罪,美国/英国,2021,16153.0,0.0
1576,燃野少年的天空,4.5,喜剧 / 歌舞,中国大陆,2021,16074.0,1.0
1577,黑白魔女库伊拉 Cruella,6.8,喜剧 / 犯罪,美国,2021,15470.0,0.0
1578,许愿神龙 Wish Dragon,6.5,喜剧 / 动画 / 奇幻,中国大陆/美国/中国香港,2021,15215.0,1.0
1579,关于我妈的一切,6.3,剧情 / 家庭,中国大陆,2021,14998.0,1.0
1580,了不起的老爸,6.5,剧情 / 喜剧 / 运动 / 家庭,中国大陆,2021,14856.0,1.0
1581,超越,5.0,剧情 / 喜剧 / 运动,中国大陆,2021,14282.0,1.0
1582,铁道英雄,5.8,剧情 / 动作 / 历史 / 战争,中国大陆,2021,14159.0,1.0
1583,你好世界 HELLO WORLD,6.8,爱情 / 动画 / 奇幻,日本,2021,13613.0,0.0
1584,革命者,7.5,剧情 / 历史,中国大陆,2021,13283.0,1.0
1585,守岛人,7.4,剧情,中国大陆,2021,12653.000000000002,1.0
1586,明日之战 The Tomorrow War,5.9,动作 / 科幻 / 冒险,美国,2021,12385.0,0.0
1587,寻龙传说 Raya and The Last Dragon,7.0,动画 / 奇幻 / 冒险,美国,2021,12186.999999999998,0.0
1588,西游记之再世妖王,5.3,动作 / 动画 / 奇幻,中国大陆,2021,11238.0,1.0
1589,缉魂 緝魂,6.8,科幻 / 犯罪 / 悬疑 / 惊悚,中国大陆/中国台湾,2021,10875.999999999998,1.0
1590,猫和老鼠 Tom and Jerry,5.2,喜剧 / 动画 / 冒险,英国/美国,2021,9661.0,0.0
1591,阳光姐妹淘,4.4,喜剧,中国大陆,2021,9497.0,1.0
1592,陪你很久很久,4.7,喜剧 / 爱情,中国台湾,2021,9254.0,1.0
1593,新大头儿子和小头爸爸4：完美爸爸,5.0,动画 / 奇幻 / 冒险,中国大陆,2021,9199.0,1.0
1594,夏日友晴天 Luca,7.3,喜剧 / 动画 / 奇幻 / 冒险,美国,2021,8869.0,0.0
1595,猪猪侠大电影·恐龙日记,4.6,儿童 / 动画,中国大陆,2021,7810.0,1.0
1596,贝肯熊2：金牌特工,4.6,动画 / 冒险,中国大陆,2021,7610.0,1.0
1597,第十一回,7.2,剧情 / 喜剧,中国大陆,2021,7397.0,1.0
1598,俑之城,5.8,动画 / 奇幻 / 冒险,中国大陆,2021,6970.0,1.0
1599,八月未央,3.2,爱情,中国大陆,2021,6793.0,1.0
1600,不速来客,6.6,喜剧 / 悬疑,中国大陆,2021,6710.0,1.0
1601,入殓师 おくりびと,8.9,剧情,日本,2021,6551.0,0.0
1602,第一炉香,5.0,剧情 / 爱情,中国大陆,2021,6419.0,1.0
1603,热带往事,6.2,剧情 / 犯罪 / 悬疑,中国大陆,2021,6408.0,1.0
1604,五个扑水的少年,7.2,喜剧 / 运动,中国大陆,2021,6259.0,1.0
1605,我的青春有个你,4.2,剧情 / 爱情,中国大陆,2021,6204.0,1.0
1606,皮皮鲁与鲁西西之罐头小人,6.2,儿童 / 喜剧 / 奇幻,中国大陆,2021,5749.0,1.0
1607,大耳朵图图之霸王龙在行动,5.6,喜剧 / 动画 / 冒险,中国大陆,2021,5388.0,1.0
1608,宝可梦：皮卡丘和可可的冒险 劇場版 ポケットモンスター ココ,6.6,剧情 / 动画 / 冒险,日本,2021,5042.0,0.0
1609,我没谈完的那场恋爱,4.1,爱情,中国大陆,2021,4913.0,1.0
1610,平安中国之守护者,4.3,犯罪,中国大陆,2021,4754.0,1.0
1611,丛林奇航 Jungle Cruise,6.1,喜剧 / 动作 / 奇幻 / 冒险,美国,2021,4487.0,0.0
1612,阳光劫匪,3.7,喜剧 / 奇幻,中国大陆,2021,4374.0,1.0
1613,没有过不去的年,5.6,剧情 / 家庭,中国大陆,2021,4314.0,1.0
1614,海底小纵队：火焰之环,6.7,动画 / 奇幻 / 冒险,中国大陆/英国,2021,4163.0,1.0
1615,济公之降龙降世,4.4,动画 / 奇幻 / 冒险,中国大陆,2021,4054.0,1.0
1616,拯救甜甜圈：时空大营救,6.0,喜剧 / 动画 / 冒险,中国大陆/美国,2021,3798.0,1.0
1617,不老奇事,6.2,剧情 / 爱情,中国大陆,2021,3609.0,1.0
1618,曾经相爱的我们,2.8,爱情,中国大陆,2021,3602.0,1.0
1619,波斯语课 Persischstunden,8.1,剧情,俄罗斯/德国/白俄罗斯,2021,3454.0,0.0
1620,老鹰抓小鸡,6.1,动画,中国大陆,2021,3439.0,1.0
1621,感动她77次 感動她77次,4.3,喜剧 / 爱情,中国香港/中国大陆,2021,3221.0,1.0
1622,明天会好的,4.7,喜剧 / 爱情,中国大陆,2021,3056.0,1.0
1623,二哥来了怎么办,4.2,喜剧,中国大陆,2021,3047.0,1.0
1624,你的世界如果没有我,3.5,剧情 / 爱情,中国大陆,2021,3035.0,1.0
1625,一百零八,5.0,剧情 / 爱情,中国大陆,2021,2965.0,1.0
1626,测谎人,2.8,喜剧 / 爱情,中国大陆,2021,2788.0,1.0
1627,天书奇谭,9.2,动画 / 奇幻,中国大陆,2021,2700.0,1.0
1628,兔子暴力,5.8,剧情 / 犯罪 / 家庭,中国大陆,2021,2663.0,1.0
1629,21座桥 21 Bridges,6.5,动作 / 犯罪 / 悬疑,美国,2021,2567.0,0.0
1630,大城大楼,4.8,喜剧 / 爱情 / 奇幻,中国大陆,2021,2483.0,1.0
1631,迷你特工队之拯救恐龙王 ??? ?????: ??? ??,4.6,动画,韩国,2021,2239.0,0.0
1632,武汉日夜,7.5,纪录片,中国大陆,2021,2229.0,1.0
1633,歌声的翅膀,7.2,剧情,中国大陆,2021,2170.0,1.0
1634,再见，少年,4.2,剧情,中国大陆,2021,2024.0,1.0
1635,普罗米亚 プロメア,7.8,剧情 / 动作 / 科幻 / 动画,日本,2021,1988.0,0.0
1636,图兰朵：魔咒缘起,3.1,爱情 / 奇幻,中国大陆,2021,1889.0,1.0
1637,银行家 The Banker,7.4,剧情 / 传记,美国,2021,1851.0,0.0
1638,日不落酒店,3.1,喜剧,中国大陆,2021,1783.0,1.0
1639,妈妈的神奇小子 媽媽的神奇小子,6.8,剧情 / 传记 / 运动,中国香港/中国大陆,2021,1777.0,1.0
1640,匹诺曹 Pinocchio,6.2,奇幻,意大利/法国/英国,2021,1676.0,0.0
1641,真·三国无双,3.9,动作 / 奇幻 / 古装,中国大陆/中国香港,2021,1557.0,1.0
1642,乌海,5.7,剧情 / 爱情 / 悬疑,中国大陆,2021,1478.0,1.0
1643,流浪猫鲍勃2：鲍勃的礼物 A Christmas Gift From Bob,6.6,剧情 / 喜剧,英国,2021,1474.0,0.0
1644,有一点动心,4.1,爱情,中国大陆,2021,1446.0,1.0
1645,越界,2.8,惊悚 / 恐怖,中国大陆,2021,1391.0,1.0
1646,山海经之小人国,4.6,儿童 / 动画 / 冒险,中国大陆/美国/加拿大/挪威,2021,1383.0,1.0
1647,最后一间房,4.3,爱情 / 悬疑 / 惊悚,中国大陆,2021,1383.0,1.0
1648,狼行者 Wolfwalkers,7.7,动画 / 奇幻 / 冒险,爱尔兰/英国/卢森堡/法国,2021,1328.0,0.0
1649,白蛇传·情,8.0,剧情 / 爱情 / 戏曲,中国大陆,2021,1289.0,1.0
1650,吉祥如意,7.7,剧情 / 家庭,中国大陆,2021,1222.0,1.0
1651,野马分鬃,6.4,剧情,中国大陆,2021,1170.0,1.0
1652,特种部队：蛇眼起源 Snake Eyes: G.I. Joe Origins,4.3,动作 / 科幻 / 冒险,加拿大/美国,2021,1142.0,0.0
1653,我的爸爸是森林之王2 Bigfoot Family,6.0,动画 / 冒险 / 家庭,比利时/法国,2021,1065.0,0.0
1654,超级的我,4.8,奇幻 / 冒险,中国大陆,2021,941.0,1.0
1655,合法伴侣,3.4,喜剧 / 爱情,中国大陆/中国香港,2021,881.0,1.0
1656,梦境人生,3.6,剧情 / 爱情 / 悬疑,中国大陆,2021,734.0,1.0
1657,忠犬流浪记,5.4,剧情 / 冒险,中国大陆,2021,683.0,1.0
1658,一直游到海水变蓝,6.7,纪录片,中国大陆,2021,677.0,1.0
1659,乔西的虎与鱼 ジョゼと虎と魚たち,6.4,动画,日本,2021,677.0,0.0
1660,混沌行走 Chaos Walking,5.2,动作 / 科幻 / 冒险,美国/加拿大,2021,662.0,0.0
1661,千顷澄碧的时代,5.7,剧情 / 家庭,中国大陆,2021,388.0,1.0
1662,叱咤风云,4.2,剧情 / 爱情 / 运动,中国台湾,2021,358.0,1.0
1663,长津湖之水门桥,7.2,剧情 / 历史 / 战争,中国大陆/中国香港,2022,406698.0,1.0
1664,独行月球,6.6,喜剧 / 科幻,中国大陆,2022,310525.0,1.0
1665,这个杀手不太冷静,6.2,喜剧,中国大陆,2022,262122.0,1.0
1666,人生大事,7.3,剧情 / 家庭,中国大陆/中国香港,2022,17.131,1.0
1667,万里归途,7.4,剧情 / 战争,中国大陆,2022,15.921,1.0
1668,奇迹·笨小孩,7.4,剧情,中国大陆,2022,137392.0,1.0
1669,侏罗纪世界3 Jurassic World: Dominion,6.0,动作 / 科幻 / 冒险,美国/马耳他,2022,105891.0,0.0
1670,熊出没·重返地球,6.5,儿童 / 喜剧 / 动画,中国大陆,2022,96380.0,1.0
1671,神探大战 神探大戰,6.7,动作 / 犯罪 / 悬疑,中国香港/中国大陆,2022,70920.0,1.0
1672,明日战记 明日戰記,6.1,动作 / 科幻,中国香港/中国大陆,2022,67931.0,1.0
1673,狙击手,7.7,剧情 / 历史 / 战争,中国大陆,2022,59871.99999999999,1.0
1674,新神榜：杨戬,7.0,动作 / 动画 / 奇幻 / 冒险,中国大陆,2022,55641.99999999999,1.0
1675,哥，你好,4.8,剧情 / 喜剧 / 奇幻,中国大陆,2022,54856.0,1.0
1676,四海,5.3,喜剧 / 动作 / 爱情,中国大陆,2022,53964.0,1.0
1677,李茂扮太子,4.3,喜剧 / 古装,中国大陆,2022,45991.0,1.0
1678,坏蛋联盟 The Bad Guys,7.3,喜剧 / 动画 / 冒险,美国,2022,33523.0,0.0
1679,小黄人大眼萌：神偷奶爸前传 Minions: The Rise of Gru,7.1,喜剧 / 科幻 / 犯罪 / 动画 / 冒险,美国,2022,23877.0,0.0
1680,断·桥,6.1,剧情 / 犯罪,中国大陆,2022,23233.0,1.0
1681,外太空的莫扎特,4.3,喜剧 / 科幻 / 家庭,中国大陆,2022,22397.0,1.0
1682,平凡英雄,6.3,剧情,中国大陆,2022,21490.0,1.0
1683,神奇动物：邓布利多之谜 Fantastic Beasts: The Secrets of Dumbledore,5.9,奇幻 / 冒险,英国/美国,2022,19419.0,0.0
1684,扫黑行动,4.6,动作 / 犯罪,中国大陆,2022,17355.0,1.0
1685,十年一品温如言,2.8,剧情 / 爱情,中国大陆,2022,16724.0,1.0
1686,边缘行者,5.0,动作 / 犯罪 / 悬疑,中国大陆/中国香港,2022,16445.0,1.0
1687,新蝙蝠侠 The Batman,7.2,剧情 / 动作 / 犯罪 / 悬疑,美国,2022,16324.0,0.0
1688,我是真的讨厌异地恋,4.4,爱情,中国大陆,2022,16106.0,1.0
1689,喜羊羊与灰太狼之筐出未来,6.8,喜剧 / 动画 / 运动,中国大陆,2022,15867.0,1.0
1690,月球陨落 Moonfall,5.2,科幻 / 灾难,美国/中国大陆/英国,2022,15309.0,1.0
1691,神秘海域 Uncharted,6.3,动作 / 冒险,美国,2022,14939.0,0.0
1692,暗恋·橘生淮南,4.2,爱情,中国大陆,2022,13455.0,1.0
1693,精灵旅社4：变身大冒险 Hotel Transylvania 4: Transformania,6.3,喜剧 / 动画 / 奇幻 / 冒险,美国,2022,12376.0,0.0
1694,一周的朋友,4.6,剧情,中国大陆,2022,12108.000000000002,1.0
1695,好想去你的世界爱你,4.5,喜剧 / 爱情 / 奇幻,中国大陆,2022,10812.0,1.0
1696,还是觉得你最好 飯戲攻心,7.4,喜剧 / 爱情,中国香港,2022,10638.0,1.0
1697,哆啦A梦：大雄的宇宙小战争2021 ドラえもん のび太の宇宙小戦争リトル?スター?ウォーズ2021,6.1,剧情 / 科幻 / 动画 / 冒险,日本,2022,9828.0,0.0
1698,花束般的恋爱 花束みたいな恋をした,8.6,剧情 / 爱情,日本,2022,8782.0,0.0
1699,新大头儿子和小头爸爸5：我的外星朋友,5.7,儿童 / 喜剧 / 动画 / 家庭,中国大陆,2022,8275.0,1.0
1700,汪汪队立大功大电影 Paw Patrol: The Movie,7.2,喜剧 / 动画 / 冒险,美国/加拿大,2022,8016.0,0.0
1701,遇见你,5.0,爱情,中国大陆,2022,7809.0,1.0
1702,妈妈！,7.5,剧情,中国大陆,2022,7689.0,1.0
1703,魔法满屋 Encanto,6.4,动画 / 奇幻 / 歌舞,美国,2022,7669.0,0.0
1704,密室逃生2 Escape Room  2,6.2,悬疑 / 惊悚,美国/南非,2022,7655.0,0.0
1705,海底小纵队：洞穴大冒险 Octonauts and the Caves of Sac Actun,7.2,喜剧 / 动画 / 冒险,英国,2022,7556.0,0.0
1706,尼罗河上的惨案 Death on the Nile,5.7,剧情 / 犯罪 / 悬疑,美国/英国,2022,6852.0,0.0
1707,我们的冬奥,3.1,剧情 / 爱情,中国大陆,2022,5603.0,1.0
1708,世间有她,5.5,剧情,中国大陆,2022,5585.0,1.0
1709,您好，北京,4.3,剧情,中国大陆,2022,5031.0,1.0
1710,山海经之再见怪兽,6.3,喜剧 / 动画 / 奇幻 / 冒险,中国大陆,2022,3778.0,1.0
1711,海的尽头是草原,7.1,剧情,中国大陆,2022,3600.0,1.0
1712,萌鸡小队：萌闯新世界,7.1,儿童 / 动画 / 冒险 / 家庭,中国大陆,2022,3436.0,1.0
1713,我的遗憾和你有关,3.9,剧情 / 爱情,中国大陆,2022,3240.0,1.0
1714,我是霸王龙,4.5,动画 / 奇幻 / 冒险,中国大陆,2022,3194.0,1.0
1715,误杀瞒天记 Drishyam,8.6,剧情 / 犯罪 / 悬疑,印度,2022,3148.0,0.0
1716,你是我的春天,4.6,剧情,中国大陆,2022,3048.0,1.0
1717,新灰姑娘2 Cinderella and the Spellbinder,5.0,动画 / 奇幻,中国大陆,2022,3021.0,1.0
1718,狼群,5.5,动作 / 战争,中国大陆,2022,2893.0,1.0
1719,猪猪侠大电影·海洋日记,5.7,动画,中国大陆,2022,2853.0,1.0
1720,迷你世界之觉醒,5.7,动画 / 冒险,中国大陆,2022,2207.0,1.0
1721,一直一直都很喜欢你,4.7,爱情,中国大陆,2022,2199.0,1.0
1722,最初的梦想 Chhichhore,6.9,剧情 / 喜剧,印度,2022,1912.0,0.0
1723,搜救,4.0,剧情 / 冒险 / 灾难,中国大陆,2022,1846.0,1.0
1724,东北虎,5.9,剧情 / 喜剧,中国大陆,2022,1691.0,1.0
1725,遇见你之后 The Italian Recipe,5.0,爱情,中国大陆/意大利/德国,2022,1635.0,1.0
1726,我们的样子像极了爱情,6.0,剧情 / 爱情,中国大陆,2022,1611.0,1.0
1727,亡命救护车 Ambulance,5.6,动作 / 犯罪,美国,2022,1556.0,0.0
1728,七人乐队 七人樂隊,6.4,剧情 / 历史,中国香港/中国大陆,2022,1317.0,1.0
1729,纽约的一个雨天 A Rainy Day in New York,7.3,喜剧 / 爱情,美国,2022,1270.0,0.0
1730,唐顿庄园2 Downton Abbey: A New Era,8.2,剧情 / 爱情,英国/美国,2022,1238.0,0.0
1731,猎屠,3.4,犯罪,中国大陆,2022,1224.0,1.0
1732,天才计划 Escape from Pretoria,7.1,剧情 / 犯罪 / 悬疑,英国/澳大利亚,2022,1150.0,0.0
1733,冲出地球,6.1,科幻 / 动画 / 冒险,中国大陆,2022,1005.0,1.0
1734,致我的陌生恋人 Mon inconnue,6.8,喜剧 / 爱情,法国/比利时,2022,876.0,0.0
1735,世界上最爱我的人,4.7,剧情 / 犯罪,中国大陆,2022,764.0,1.0
1736,忠犬帕尔玛 Пальма,7.3,剧情,俄罗斯,2022,692.0,0.0
1737,我的非凡父母,7.0,剧情 / 家庭,中国香港/中国大陆,2022,616.0,1.0
1738,漫长的告白,6.4,剧情 / 爱情 / 家庭,中国大陆,2022,607.0,1.0
1739,卧鼠藏虫,3.5,喜剧,中国大陆,2022,505.0,1.0
1740,如果有一天我将会离开你,7.0,剧情,中国大陆,2022,431.0,1.0
1741,巨星嫁到 Marry Me,5.6,喜剧 / 爱情 / 音乐,美国,2022,373.0,0.0
1742,天之书,4.5,喜剧,中国大陆,2022,92.0,1.0
